family_id,from_species_name,to_species_name,to_min_level,condition_text,mapping_confidence,source_id
evofam-00f428189d6d,Snover,Abomasnow,30,Minimum 30,safe_single_predecessor,gen8
evofam-c5572bb9cd6c,Abra,Kadabra,15,Minimum 15,safe_single_predecessor,gen8
evofam-c5572bb9cd6c,Kadabra,Alakazam,35,Minimum 35 TM,safe_single_predecessor,gen8
evofam-652e91b0cf54,Shelmet,Accelgor,25,Minimum 25,safe_single_predecessor,gen8
evofam-8294d9a4dd30,Honedge,Doublade,25,Minimum 25,safe_single_predecessor,gen8
evofam-8294d9a4dd30,Doublade,Aegislash,40,Minimum 40,safe_single_predecessor,gen8
evofam-e8cc322eb984,Aron,Lairon,30,Minimum 30,safe_single_predecessor,gen8
evofam-e8cc322eb984,Lairon,Aggron,40,Minimum 40,safe_single_predecessor,gen8
evofam-984bdcbbe787,Aipom,Ambipom,25,Minimum 25,safe_single_predecessor,gen8
evofam-a57ca315d99a,Kadabra,Alakazam,35,Minimum 35,safe_single_predecessor,gen8
evofam-b0d03ed5a1a1,Milcery,Alcremie,20,Minimum 20,safe_single_predecessor,gen8
evofam-264c235efcf5,Swablu,Altaria,30,Minimum 30,safe_single_predecessor,gen8
evofam-167ded756949,Amaura,Aurorus,30,Minimum 30,safe_single_predecessor,gen8
evofam-dd3e49ca7c98,Foongus,Amoonguss,30,Minimum 30,safe_single_predecessor,gen8
evofam-4b0070579e9d,Mareep,Flaaffy,15,Minimum 15,safe_single_predecessor,gen8
evofam-4b0070579e9d,Flaaffy,Ampharos,30,Minimum 30,safe_single_predecessor,gen8
evofam-2d0d847bb812,Anorith,Armaldo,30,Minimum 30 Egg,safe_single_predecessor,gen8
evofam-416dfade41fc,Applin,Appletun,20,Minimum 20,safe_single_predecessor,gen8
evofam-1f1bdf6f5191,Applin,Flapple,20,Minimum 20,safe_single_predecessor,gen8
evofam-f21da6067f1f,Dewpider,Araquanid,20,Minimum 20,safe_single_predecessor,gen8
evofam-5cd7ebc1a561,Ekans,Arbok,20,Minimum 20,safe_single_predecessor,gen8
evofam-3b9badf19a29,Growlithe,Arcanine,25,Minimum 25,safe_single_predecessor,gen8
evofam-060f1bb366d6,Archen,Archeops,30,Minimum 30,safe_single_predecessor,gen8
evofam-ebd227d6dd2f,Spinarak,Ariados,20,Minimum 20,safe_single_predecessor,gen8
evofam-552a89ff8f2f,Anorith,Armaldo,30,Minimum 30,safe_single_predecessor,gen8
evofam-18f558dac053,Charcadet,Armarouge,25,Minimum 25,safe_single_predecessor,knight
evofam-18f558dac053,Charcadet,Ceruledge,25,Minimum 25,safe_single_predecessor,knight
evofam-2f983361149e,Spritzee,Aromatisse,25,Minimum 25,safe_single_predecessor,gen8
evofam-99226cd89511,Arrokuda,Barraskewda,25,Minimum 25,safe_single_predecessor,gen8
evofam-3d0b4bc3fc26,Bergmite,Avalugg,30,Minimum 30,safe_single_predecessor,gen8
evofam-85d04fb0833d,Axew,Fraxure,20,Minimum 20,safe_single_predecessor,gen8
evofam-85d04fb0833d,Fraxure,Haxorus,40,Minimum 40,safe_single_predecessor,gen8
evofam-cffd25be87d4,Azurill,Marill,10,Minimum 10,safe_single_predecessor,gen8
evofam-cffd25be87d4,Marill,Azumarill,20,Minimum 20,safe_single_predecessor,gen8
evofam-7931468117b0,Bagon,Shelgon,20,Minimum 20,safe_single_predecessor,gen8
evofam-7931468117b0,Shelgon,Salamence,40,Minimum 40,safe_single_predecessor,gen8
evofam-149effb1399a,Baltoy,Claydol,30,Minimum 30,safe_single_predecessor,gen8
evofam-0d9449b932a8,Shuppet,Banette,30,Minimum 30,safe_single_predecessor,gen8
evofam-8c17afa81697,Binacle,Barbaracle,30,Minimum 30,safe_single_predecessor,gen8
evofam-01bac6d1760e,Barboach,Whiscash,30,Minimum 30 Egg,safe_single_predecessor,gen8
evofam-ea1e40dd6737,Shieldon,Bastiodon,30,Minimum 30,safe_single_predecessor,gen8
evofam-fcde8621556c,Chikorita,Bayleef,15,Minimum 15,safe_single_predecessor,gen8
evofam-fcde8621556c,Bayleef,Meganium,30,Minimum 30,safe_single_predecessor,gen8
evofam-bdd57fc3b2ef,Cubchoo,Beartic,30,Minimum 30,safe_single_predecessor,gen8
evofam-141656e8a241,Wurmple,Silcoon,5,Minimum 5,safe_single_predecessor,gen8
evofam-141656e8a241,Silcoon,Beautifly,10,Minimum 10,safe_single_predecessor,gen8
evofam-539cc2da3f96,Weedle,Kakuna,5,Minimum 5,safe_single_predecessor,gen8
evofam-539cc2da3f96,Kakuna,Beedrill,10,Minimum 10,safe_single_predecessor,gen8
evofam-1f045fba8051,Elgyem,Beheeyem,30,Minimum 30,safe_single_predecessor,gen8
evofam-60c0b855469f,Beldum,Metang,20,Minimum 20,safe_single_predecessor,gen8
evofam-60c0b855469f,Metang,Metagross,40,Minimum 40,safe_single_predecessor,gen8
evofam-70c58c86035d,Oddish,Gloom,20,Minimum 20,safe_single_predecessor,gen8
evofam-70c58c86035d,Gloom,Bellossom,30,Minimum 30,safe_single_predecessor,gen8
evofam-ae55411f7403,Bellsprout,Weepinbell,20,Minimum 20,safe_single_predecessor,gen8
evofam-ae55411f7403,Weepinbell,Victreebel,30,Minimum 30,safe_single_predecessor,gen8
evofam-ae95a47d04d2,Stufful,Bewear,25,Minimum 25,safe_single_predecessor,gen8
evofam-0289e7a932c5,Bidoof,Bibarel,15,Minimum 15,safe_single_predecessor,gen8
evofam-470041aef57a,Pawniard,Bisharp,25,Minimum 25,safe_single_predecessor,gen8
evofam-eaccb2cd0a06,Squirtle,Wartortle,15,Minimum 15,safe_single_predecessor,gen8
evofam-eaccb2cd0a06,Wartortle,Blastoise,30,Minimum 30,safe_single_predecessor,gen8
evofam-0d7749a968f8,Torchic,Combusken,15,Minimum 15,safe_single_predecessor,gen8
evofam-0d7749a968f8,Combusken,Blaziken,30,Minimum 30,safe_single_predecessor,gen8
evofam-283776835eef,Blipbug,Dottler,10,Minimum 10,safe_single_predecessor,gen8
evofam-283776835eef,Dottler,Orbeetle,30,Minimum 30,safe_single_predecessor,gen8
evofam-c6e600ef6187,Happiny,Chansey,20,Minimum 20,safe_single_predecessor,gen8
evofam-c6e600ef6187,Chansey,Blissey,30,Minimum 30,safe_single_predecessor,gen8
evofam-534a67530a75,Blitzle,Zebstrika,25,Minimum 25,safe_single_predecessor,gen8
evofam-603e81b42009,Roggenrola,Boldore,25,Minimum 25,safe_single_predecessor,gen8
evofam-603e81b42009,Boldore,Gigalith,40,Minimum 40,safe_single_predecessor,gen8
evofam-d6fc1384e7ec,Yamper,Boltund,25,Minimum 25,safe_single_predecessor,gen8
evofam-c775a8da2d12,Bonsly,Sudowoodo,20,Minimum 20 Egg,safe_single_predecessor,gen8
evofam-21d68c308f54,Bounsweet,Steenee,15,Minimum 15,safe_single_predecessor,gen8
evofam-21d68c308f54,Steenee,Tsareena,30,Minimum 30 TM,safe_single_predecessor,gen8
evofam-2c3635826cdc,Fennekin,Braixen,15,Minimum 15,safe_single_predecessor,gen8
evofam-2c3635826cdc,Braixen,Delphox,30,Minimum 30,safe_single_predecessor,gen8
evofam-f079b11c01d2,Rufflet,Braviary,35,Minimum 35,safe_single_predecessor,gen8
evofam-6963956dc2d1,Shroomish,Breloom,20,Minimum 20,safe_single_predecessor,gen8
evofam-627c71a302ee,Popplio,Brionne,15,Minimum 15,safe_single_predecessor,gen8
evofam-627c71a302ee,Brionne,Primarina,30,Minimum 30,safe_single_predecessor,gen8
evofam-e8f4ead19394,Bronzor,Bronzong,30,Minimum 30,safe_single_predecessor,gen8
evofam-74cc8262dcaa,Budew,Roselia,20,Minimum 20,safe_single_predecessor,gen8
evofam-74cc8262dcaa,Roselia,Roserade,30,Minimum 30 TM,safe_single_predecessor,gen8
evofam-bfd6e7ad16cd,Buizel,Floatzel,25,Minimum 25,safe_single_predecessor,gen8
evofam-4157e82f5797,Bulbasaur,Ivysaur,15,Minimum 15,safe_single_predecessor,gen8
evofam-4157e82f5797,Ivysaur,Venusaur,30,Minimum 30,safe_single_predecessor,gen8
evofam-58d143e875a1,Buneary,Lopunny,20,Minimum 20,safe_single_predecessor,gen8
evofam-088a412e5e7e,Bunnelby,Diggersby,20,Minimum 20,safe_single_predecessor,gen8
evofam-22a653134527,Burmy,Mothim,20,"Minimum 20, Male",safe_single_predecessor,gen8
evofam-54f8a85ae26c,Caterpie,Metapod,5,Minimum 5,safe_single_predecessor,gen8
evofam-54f8a85ae26c,Metapod,Butterfree,10,Minimum 10,safe_single_predecessor,gen8
evofam-e3a9fc518db2,Cacnea,Cacturne,30,Minimum 30,safe_single_predecessor,gen8
evofam-a3ee892d9186,Numel,Camerupt,30,Minimum 30,safe_single_predecessor,gen8
evofam-9b4ba475821f,Rolycoly,Carkol,20,Minimum 20,safe_single_predecessor,gen8
evofam-9b4ba475821f,Carkol,Coalossal,30,Minimum 30,safe_single_predecessor,gen8
evofam-5caa91cf2178,Tirtouga,Carracosta,30,Minimum 30,safe_single_predecessor,gen8
evofam-eab831c89de4,Carvanha,Sharpedo,30,Minimum 30,safe_single_predecessor,gen8
evofam-38cc543df8b3,Wurmple,Cascoon,5,Minimum 5,safe_single_predecessor,gen8
evofam-38cc543df8b3,Cascoon,Dustox,10,Minimum 10,safe_single_predecessor,gen8
evofam-533c7ef9367a,Sizzlipede,Centiskorch,30,Minimum 30,safe_single_predecessor,gen8
evofam-f643424f743f,Litwick,Lampent,20,Minimum 20,safe_single_predecessor,gen8
evofam-f643424f743f,Lampent,Chandelure,35,Minimum 35 TM,safe_single_predecessor,gen8
evofam-363c6a11daac,Charmander,Charmeleon,15,Minimum 15,safe_single_predecessor,gen8
evofam-363c6a11daac,Charmeleon,Charizard,30,Minimum 30,safe_single_predecessor,gen8
evofam-465c379ad748,Grubbin,Charjabug,20,Minimum 20,safe_single_predecessor,gen8
evofam-465c379ad748,Charjabug,Vikavolt,30,Minimum 30,safe_single_predecessor,gen8
evofam-1c4f699571dd,Cherubi,Cherrim,25,Minimum 25,safe_single_predecessor,gen8
evofam-f4e006c15b7e,Chespin,Quilladin,15,Minimum 15,safe_single_predecessor,gen8
evofam-f4e006c15b7e,Quilladin,Chesnaught,30,Minimum 30,safe_single_predecessor,gen8
evofam-b9596b082e07,Chewtle,Drednaw,20,Minimum 20,safe_single_predecessor,gen8
evofam-fae70fdd7b0c,Chickute,Heafinha,20,Minimum 20; Female,safe_single_predecessor,chickute
evofam-fae70fdd7b0c,Heafinha,Terroster,30,minimum 30; Male,safe_single_predecessor,chickute
evofam-bbf85a000d88,Chimchar,Monferno,15,Minimum 15,safe_single_predecessor,gen8
evofam-bbf85a000d88,Monferno,Infernape,30,Minimum 30,safe_single_predecessor,gen8
evofam-d6d304a3aadf,Chingling,Chimecho,15,Minimum 15,safe_single_predecessor,gen8
evofam-c34028fe3af7,Chinchou,Lanturn,25,Minimum 25,safe_single_predecessor,gen8
evofam-bb54321da2ed,Minccino,Cinccino,25,Minimum 25,safe_single_predecessor,gen8
evofam-543b3842be70,Scorbunny,Raboot,15,Minimum 15,safe_single_predecessor,gen8
evofam-543b3842be70,Raboot,Cinderace,30,Minimum 30,safe_single_predecessor,gen8
evofam-c0107a40c8a2,Clamperl,Huntail,20,Minimum 20,safe_single_predecessor,gen8
evofam-c0107a40c8a2,Clamperl,Gorebyss,20,Minimum 20,safe_single_predecessor,gen8
evofam-e082253a59c4,Clauncher,Clawitzer,30,Minimum 30,safe_single_predecessor,gen8
evofam-9c31b66d38d4,Cleffa,Clefairy,10,Minimum 10,safe_single_predecessor,gen8
evofam-9c31b66d38d4,Clefairy,Clefable,20,Minimum 20,safe_single_predecessor,gen8
evofam-07d55e281be7,Clobbopus,Grapploct,30,Minimum 30,safe_single_predecessor,gen8
evofam-9741ac600cc6,Shellder,Cloyster,25,Minimum 25,safe_single_predecessor,gen8
evofam-f2cc1c10b3e3,Yamask,Cofagrigus,30,Minimum 30,safe_single_predecessor,gen8
evofam-c16d0d73ada4,Combee,Vespiquen,20,"Minimum 20, Female",safe_single_predecessor,gen8
evofam-07b6f364b21e,Timburr,Gurdurr,20,Minimum 20,safe_single_predecessor,gen8
evofam-07b6f364b21e,Gurdurr,Conkeldurr,35,Minimum 35,safe_single_predecessor,gen8
evofam-77c2a90be99b,Cufant,Copperajah,30,Minimum 30,safe_single_predecessor,gen8
evofam-5a9391b21096,Corphish,Crawdaunt,30,Minimum 30,safe_single_predecessor,gen8
evofam-eb4fdc08d6d8,Corsola,Cursola,30,Minimum 30,safe_single_predecessor,gen8
evofam-f5632a79fc75,Rookidee,Corvisquire,15,Minimum 15,safe_single_predecessor,gen8
evofam-f5632a79fc75,Corvisquire,Corviknight,30,Minimum 30,safe_single_predecessor,gen8
evofam-de86f7953aa5,Cosmog,Cosmoem,20,Minimum 20,safe_single_predecessor,gen8
evofam-de86f7953aa5,Cosmoem,Solgaleo,40,Minimum 40,safe_single_predecessor,gen8
evofam-de86f7953aa5,Cosmoem,Lunala,40,Minimum 40,safe_single_predecessor,gen8
evofam-26ba568ee021,Cottonee,Whimsicott,25,Minimum 25,safe_single_predecessor,gen8
evofam-581723969e9b,Crabrawler,Crabominable,25,Minimum 25,safe_single_predecessor,gen8
evofam-88ec78fd25de,Crabrawler,Crabominable,25,Minimum 25 Egg,safe_single_predecessor,gen8
evofam-a1560c222d9d,Lileep,Cradily,30,Minimum 30,safe_single_predecessor,gen8
evofam-7afbd3e38bc1,Cranidos,Rampardos,30,Minimum 30 Egg,safe_single_predecessor,gen8
evofam-b90f54befb5f,Croagunk,Toxicroak,30,Minimum 30,safe_single_predecessor,gen8
evofam-8e09589a0f0d,Zubat,Golbat,20,Minimum 20,safe_single_predecessor,gen8
evofam-8e09589a0f0d,Golbat,Crobat,30,Minimum 30,safe_single_predecessor,gen8
evofam-6a3fb0cb71ea,Totodile,Croconaw,15,Minimum 15,safe_single_predecessor,gen8
evofam-6a3fb0cb71ea,Croconaw,Feraligatr,30,Minimum 30,safe_single_predecessor,gen8
evofam-cc15bd13e538,Dwebble,Crustle,30,Minimum 30,safe_single_predecessor,gen8
evofam-0fd383ddf1d2,Cubone,Marowak,25,Minimum 25,safe_single_predecessor,gen8
evofam-0fd383ddf1d2,Cubone,Marowak,25,(A) Minimum 25,safe_single_predecessor,gen8
evofam-05d36fa39564,Cutiefly,Ribombee,25,Minimum 25,safe_single_predecessor,gen8
evofam-b94c01900bbc,Cyndaquil,Quilava,15,Minimum 15,safe_single_predecessor,gen8
evofam-b94c01900bbc,Quilava,Typhlosion,30,Minimum 30,safe_single_predecessor,gen8
evofam-2156670aad85,Rowlet,Dartrix,15,Minimum 15,safe_single_predecessor,gen8
evofam-2156670aad85,Dartrix,Decidueye,30,Minimum 30,safe_single_predecessor,gen8
evofam-f651cef6bda0,Deerling,Sawsbuck,25,Minimum 25,safe_single_predecessor,gen8
evofam-fd8a3fa98a7f,Deino,Zweilous,20,Minimum 20,safe_single_predecessor,gen8
evofam-fd8a3fa98a7f,Zweilous,Hydreigon,40,Minimum 40,safe_single_predecessor,gen8
evofam-9da9c8cb994d,Skitty,Delcatty,20,Minimum 20,safe_single_predecessor,gen8
evofam-6f4c2488bb17,Seel,Dewgong,30,Minimum 30,safe_single_predecessor,gen8
evofam-9b9d9d60e379,Oshawott,Dewott,15,Minimum 15,safe_single_predecessor,gen8
evofam-9b9d9d60e379,Dewott,Samurott,30,Minimum 30,safe_single_predecessor,gen8
evofam-f0b3bcf31d67,Diglett,Dugtrio,25,Minimum 25,safe_single_predecessor,gen8
evofam-d373bbd45130,Diglett,Dugtrio,25,(A) Minimum 25,safe_single_predecessor,gen8
evofam-0920cf78e1b4,Doduo,Dodrio,25,Minimum 25,safe_single_predecessor,gen8
evofam-acda2bbfa289,Phanpy,Donphan,25,Minimum 25,safe_single_predecessor,gen8
evofam-2bda906c6635,Skrelp,Dragalge,30,Minimum 30,safe_single_predecessor,gen8
evofam-22dca5714523,Dreepy,Drakloak,20,Minimum 20,safe_single_predecessor,gen8
evofam-22dca5714523,Drakloak,Dragapult,40,Minimum 40,safe_single_predecessor,gen8
evofam-3b33f9ced396,Dratini,Dragonair,20,Minimum 20,safe_single_predecessor,gen8
evofam-3b33f9ced396,Dragonair,Dragonite,40,Minimum 40,safe_single_predecessor,gen8
evofam-8bb34f4c1d14,Drakloak,Dragapult,40,Minimum 40 Tutor,safe_single_predecessor,gen8
evofam-0b97d04e8d03,Skorupi,Drapion,30,Minimum 30,safe_single_predecessor,gen8
evofam-130d91df5b59,Chewtle,Drednaw,20,Minimum 20 TM,safe_single_predecessor,gen8
evofam-fc241432fd3e,Drifloon,Drifblim,25,Minimum 25,safe_single_predecessor,gen8
evofam-7d068fc68f62,Drilbur,Excadrill,30,Minimum 30,safe_single_predecessor,gen8
evofam-3a21f33a9247,Sobble,Drizzile,15,Minimum 15,safe_single_predecessor,gen8
evofam-3a21f33a9247,Drizzile,Inteleon,30,Minimum 30,safe_single_predecessor,gen8
evofam-ef29164e19dc,Drowzee,Hypno,25,Minimum 25,safe_single_predecessor,gen8
evofam-bb31e6f82479,Wooloo,Dubwool,25,Minimum 25,safe_single_predecessor,gen8
evofam-9f4a0b2f0e18,Ducklett,Swanna,30,Minimum 30,safe_single_predecessor,gen8
evofam-e0768e26fc1c,Solosis,Duosion,15,Minimum 15,safe_single_predecessor,gen8
evofam-e0768e26fc1c,Duosion,Reuniclus,35,Minimum 35,safe_single_predecessor,gen8
evofam-0298ae9ba524,Duskull,Dusclops,25,Minimum 25,safe_single_predecessor,gen8
evofam-0298ae9ba524,Dusclops,Dusknoir,40,Minimum 40,safe_single_predecessor,gen8
evofam-1caa7be2abb8,Tynamo,Eelektrik,15,Minimum 15,safe_single_predecessor,gen8
evofam-1caa7be2abb8,Eelektrik,Eelektross,40,Minimum 40,safe_single_predecessor,gen8
evofam-e71f831dec36,Eevee,Vaporeon,25,Minimum 25,safe_single_predecessor,gen8
evofam-e71f831dec36,Eevee,Jolteon,25,Minimum 25,safe_single_predecessor,gen8
evofam-e71f831dec36,Eevee,Flareon,25,Minimum 25,safe_single_predecessor,gen8
evofam-e71f831dec36,Eevee,Espeon,25,Minimum 25,safe_single_predecessor,gen8
evofam-e71f831dec36,Eevee,Umbreon,25,Minimum 25,safe_single_predecessor,gen8
evofam-e71f831dec36,Eevee,Leafeon,25,Minimum 25,safe_single_predecessor,gen8
evofam-e71f831dec36,Eevee,Glaceon,25,Minimum 25,safe_single_predecessor,gen8
evofam-e71f831dec36,Eevee,Sylveon,25,Minimum 25 TM,safe_single_predecessor,gen8
evofam-c73dc7bcdd96,Gossifleur,Eldegoss,20,Minimum 20,safe_single_predecessor,gen8
evofam-30ccad69e4d2,Elekid,Electabuzz,30,Minimum 30,safe_single_predecessor,gen8
evofam-30ccad69e4d2,Electabuzz,Electivire,40,Minimum 40,safe_single_predecessor,gen8
evofam-cade537d5140,Electrike,Manectric,25,Minimum 25,safe_single_predecessor,gen8
evofam-80cfbfa3c502,Voltorb,Electrode,30,Minimum 30,safe_single_predecessor,gen8
evofam-45c2eca1d78b,Electabuzz,Electivire,40,Minimum 40 Egg,safe_single_predecessor,gen8
evofam-dabfe669ba1e,Tepig,Pignite,15,Minimum 15,safe_single_predecessor,gen8
evofam-dabfe669ba1e,Pignite,Emboar,30,Minimum 30,safe_single_predecessor,gen8
evofam-d1b379c73ca1,Piplup,Prinplup,15,Minimum 15,safe_single_predecessor,gen8
evofam-d1b379c73ca1,Prinplup,Empoleon,30,Minimum 30,safe_single_predecessor,gen8
evofam-e0c182cf94d9,Karrablast,Escavalier,25,Minimum 25,safe_single_predecessor,gen8
evofam-6d306b8e9b1a,Espurr,MEOWSTIC (M),25,Minimum 25; Male,safe_single_predecessor,gen8
evofam-6d306b8e9b1a,Espurr,MEOWSTIC (F),25,Minimum 25; Female,safe_single_predecessor,gen8
evofam-04c108644eb9,Exeggcute,Exeggutor,25,Minimum 25,safe_single_predecessor,gen8
evofam-04c108644eb9,Exeggcute,Exeggutor,25,(A) Minimum 25,safe_single_predecessor,gen8
evofam-0730c331d2f1,Whismur,Loudred,20,Minimum 20,safe_single_predecessor,gen8
evofam-0730c331d2f1,Loudred,Exploud,40,Minimum 40,safe_single_predecessor,gen8
evofam-6beed4bb29eb,Farfetch'D,Sirfetch'D,25,Minimum 25,safe_single_predecessor,gen8
evofam-2b4104546f9e,Spearow,Fearow,20,Minimum 20,safe_single_predecessor,gen8
evofam-e1100d4aed45,Feebas,Milotic,20,Minimum 20,safe_single_predecessor,gen8
evofam-115c8f181ca4,Ferroseed,Ferrothorn,30,Minimum 30,safe_single_predecessor,gen8
evofam-90ad10e35723,Finneon,Lumineon,30,Minimum 30,safe_single_predecessor,gen8
evofam-fdb6386793b0,FLABÉBÉ,Floette,15,Minimum 15,safe_single_predecessor,gen8
evofam-fdb6386793b0,Floette,Florges,30,Minimum 30,safe_single_predecessor,gen8
evofam-4c1301d18e43,Fletchling,Fletchinder,15,Minimum 15,safe_single_predecessor,gen8
evofam-4c1301d18e43,Fletchinder,Talonflame,30,Minimum 30,safe_single_predecessor,gen8
evofam-a7190a202ff6,Trapinch,Vibrava,25,Minimum 25,safe_single_predecessor,gen8
evofam-a7190a202ff6,Vibrava,Flygon,45,Minimum 45,safe_single_predecessor,gen8
evofam-59273d6eeeda,Fomantis,Lurantis,30,Minimum 30,safe_single_predecessor,gen8
evofam-98196798ee5a,Pineco,Forretress,30,Minimum 30,safe_single_predecessor,gen8
evofam-c22b77bc9007,Frillish,Jellicent,30,Minimum 30,safe_single_predecessor,gen8
evofam-176f1ae8a89e,Froakie,Frogadier,15,Minimum 15,safe_single_predecessor,gen8
evofam-176f1ae8a89e,Frogadier,Greninja,30,Minimum 30,safe_single_predecessor,gen8
evofam-2944651fe7ee,Frogadier,Greninja,30,Minimum 30 Tutor,safe_single_predecessor,gen8
evofam-2ef3c8e5a797,Snorunt,Froslass,30,Minimum 30; Female,safe_single_predecessor,gen8
evofam-a5feb970be2d,Snom,Frosmoth,20,Minimum 20,safe_single_predecessor,gen8
evofam-9461cc8ec35f,Sentret,Furret,15,Minimum 15,safe_single_predecessor,gen8
evofam-0e1996be201c,Gible,Gabite,20,Minimum 20,safe_single_predecessor,gen8
evofam-0e1996be201c,Gabite,Garchomp,40,Minimum 40,safe_single_predecessor,gen8
evofam-60c7e83f30da,Ralts,Kirlia,20,Minimum 20,safe_single_predecessor,gen8
evofam-60c7e83f30da,Kirlia,Gallade,30,"Minimum 30, Male",safe_single_predecessor,gen8
evofam-5af47310608f,Joltik,Galvantula,30,Minimum 30,safe_single_predecessor,gen8
evofam-fffcdcc9c3d9,Trubbish,Garbodor,30,Minimum 30,safe_single_predecessor,gen8
evofam-4a4a9313c6b5,Kirlia,Gardevoir,30,Minimum 30,safe_single_predecessor,gen8
evofam-9b029060b3ea,Gastly,Haunter,20,Minimum 20,safe_single_predecessor,gen8
evofam-9b029060b3ea,Haunter,Gengar,35,Minimum 35,safe_single_predecessor,gen8
evofam-a6ec7a9013cf,Shellos,Gastrodon,30,Minimum 30,safe_single_predecessor,gen8
evofam-717894fc7150,Geodude,Graveler,25,Minimum 25,safe_single_predecessor,gen8
evofam-717894fc7150,Graveler,Golem,35,Minimum 35,safe_single_predecessor,gen8
evofam-aec280cc73d6,Geodude,Graveler,25,(A) Minimum 25,safe_single_predecessor,gen8
evofam-aec280cc73d6,Graveler,Golem,30,(A) Minimum 30,safe_single_predecessor,gen8
evofam-8bd7504afb64,Snorunt,Glalie,30,Minimum 30,safe_single_predecessor,gen8
evofam-2cad6df7d77a,Glameow,Purugly,20,Minimum 20,safe_single_predecessor,gen8
evofam-b9c4413e7460,Gligar,Gliscor,25,Minimum 25,safe_single_predecessor,gen8
evofam-224d9dab1d69,Gloom,Vileplume,30,Minimum 30,safe_single_predecessor,gen8
evofam-b05c7d9c4002,Skiddo,Gogoat,30,Minimum 30,safe_single_predecessor,gen8
evofam-33b71ef21c0e,Goldeen,Seaking,30,Minimum 30,safe_single_predecessor,gen8
evofam-0bb2fdf51c4f,Psyduck,Golduck,30,Minimum 30,safe_single_predecessor,gen8
evofam-19faecaa0c44,Golett,Golurk,30,Minimum 30,safe_single_predecessor,gen8
evofam-4815679ed50b,Wimpod,Golisopod,20,Minimum 20,safe_single_predecessor,gen8
evofam-299045157f6f,Goomy,Sliggoo,20,Minimum 20,safe_single_predecessor,gen8
evofam-299045157f6f,Sliggoo,Goodra,40,Minimum 40,safe_single_predecessor,gen8
evofam-f8b61e7fa52a,Gothita,Gothorita,15,Minimum 15,safe_single_predecessor,gen8
evofam-f8b61e7fa52a,Gothorita,Gothitelle,35,Minimum 35,safe_single_predecessor,gen8
evofam-31ce5d317551,Pumpkaboo,Gourgeist,25,Minimum 25,safe_single_predecessor,gen8
evofam-d896a8e5c5a3,Snubbull,Granbull,20,Minimum 20,safe_single_predecessor,gen8
evofam-4b220fc2b33b,Skwovet,Greedent,25,Minimum 25,safe_single_predecessor,gen8
evofam-4b76672fa9ed,Grimer,Muk,30,Minimum 30,safe_single_predecessor,gen8
evofam-09c08511cb08,Grimer,Muk,30,(A) Minimum 30,safe_single_predecessor,gen8
evofam-cfc965f3a60c,Impidimp,Morgrem,20,Minimum 20,safe_single_predecessor,gen8
evofam-cfc965f3a60c,Morgrem,Grimmsnarl,40,Minimum 40,safe_single_predecessor,gen8
evofam-504059702d46,Grookey,Thwackey,15,Minimum 15,safe_single_predecessor,gen8
evofam-504059702d46,Thwackey,Rillaboom,30,Minimum 30,safe_single_predecessor,gen8
evofam-4aca49d1f955,Turtwig,Grotle,15,Minimum 15,safe_single_predecessor,gen8
evofam-4aca49d1f955,Grotle,Torterra,30,Minimum 30,safe_single_predecessor,gen8
evofam-e0bf86c9e089,Treecko,Grovyle,15,Minimum 15,safe_single_predecessor,gen8
evofam-e0bf86c9e089,Grovyle,Sceptile,30,Minimum 30,safe_single_predecessor,gen8
evofam-c4806a520e29,Spoink,Grumpig,30,Minimum 30,safe_single_predecessor,gen8
evofam-021f60352333,Gulpin,Swalot,25,Minimum 25,safe_single_predecessor,gen8
evofam-bdcc50ace9b1,Yungoos,Gumshoos,20,Minimum 20,safe_single_predecessor,gen8
evofam-cdb7e8c7ec37,Magikarp,Gyarados,20,Minimum 20,safe_single_predecessor,gen8
evofam-00aa8c09facf,Jangmo-O,Hakamo-O,20,Minimum 20,safe_single_predecessor,gen8
evofam-00aa8c09facf,Hakamo-O,Kommo-O,40,Minimum 40,safe_single_predecessor,gen8
evofam-69bb823373a4,Chansey,Blissey,30,Minimum 30 TM,safe_single_predecessor,gen8
evofam-1344ed03dea5,Makuhita,Hariyama,20,Minimum 20,safe_single_predecessor,gen8
evofam-47862df9e6d6,Hatenna,Hattrem,20,Minimum 20,safe_single_predecessor,gen8
evofam-47862df9e6d6,Hatenna,Hatterene,40,Minimum 40,safe_single_predecessor,gen8
evofam-7f7a9a315691,Helioptile,Heliolisk,20,Minimum 20,safe_single_predecessor,gen8
evofam-6182d9deaf06,Helioptile,Heliolisk,20,Minimum 20 Egg,safe_single_predecessor,gen8
evofam-9cfddad49b38,Lillipup,Herdier,15,Minimum 15,safe_single_predecessor,gen8
evofam-9cfddad49b38,Herdier,Stoutland,30,Minimum 30,safe_single_predecessor,gen8
evofam-bc00d36952de,Hippopotas,Hippowdon,30,Minimum 30,safe_single_predecessor,gen8
evofam-e08725370cfa,Tyrogue,Hitmonchan,20,Minimum 20,safe_single_predecessor,gen8
evofam-5ad62273471f,Tyrogue,Hitmonlee,20,Minimum 20,safe_single_predecessor,gen8
evofam-b9e361f1f2f5,Tyrogue,Hitmontop,20,Minimum 20,safe_single_predecessor,gen8
evofam-d52bc1d34a86,Murkrow,Honchkrow,25,Minimum 25,safe_single_predecessor,gen8
evofam-28a3c2991484,Hoothoot,Noctowl,20,Minimum 20,safe_single_predecessor,gen8
evofam-7620e3a982be,Hoppip,Skiploom,15,Minimum 15,safe_single_predecessor,gen8
evofam-7620e3a982be,Skiploom,Jumpluff,30,Minimum 30,safe_single_predecessor,gen8
evofam-829c08513ee3,Horsea,Seadra,15,Minimum 15,safe_single_predecessor,gen8
evofam-829c08513ee3,Seadra,Kingdra,30,Minimum 30,safe_single_predecessor,gen8
evofam-805667d4546e,Houndour,Houndoom,25,Minimum 25,safe_single_predecessor,gen8
evofam-e0dcc9f3cee0,Igglybuff,Jigglypuff,10,Minimum 10,safe_single_predecessor,gen8
evofam-e0dcc9f3cee0,Jigglypuff,Wigglytuff,20,Minimum 20 TM,safe_single_predecessor,gen8
evofam-5b47b8c5b6c1,Litten,Torracat,15,Minimum 15,safe_single_predecessor,gen8
evofam-5b47b8c5b6c1,Torracat,Incineroar,30,Minimum 30,safe_single_predecessor,gen8
evofam-35f629d02b0f,Inkay,Malamar,30,Minimum 30,safe_single_predecessor,gen8
evofam-ac6280fe8c74,Jigglypuff,Wigglytuff,20,Minimum 20,safe_single_predecessor,gen8
evofam-8f1ce71a34d0,Smoochum,Jynx,30,Minimum 30,safe_single_predecessor,gen8
evofam-6ab5a58e1072,Kabuto,Kabutops,30,Minimum 30,safe_single_predecessor,gen8
evofam-882bd67da9cf,Karrablast,Escavalier,25,Minimum 25 Egg,safe_single_predecessor,gen8
evofam-408d5fa020f7,Pawniard,Bisharp,25,Minimum 25,safe_single_predecessor,knight
evofam-408d5fa020f7,Bisharp,Kingambit,40,40,safe_single_predecessor,knight
evofam-b0401b8789f9,Krabby,Kingler,25,Minimum 25,safe_single_predecessor,gen8
evofam-b633a5b1af9d,Klink,Klang,20,Minimum 20,safe_single_predecessor,gen8
evofam-b633a5b1af9d,Klang,Klinklang,35,Minimum 35,safe_single_predecessor,gen8
evofam-cdae41527346,Klang,Klinklang,35,Minimum 35 Tutor,safe_single_predecessor,gen8
evofam-6b8ea8088ab2,Koffing,Weezing,30,Minimum 30,safe_single_predecessor,gen8
evofam-6b8ea8088ab2,Koffing,Weezing,30,(G) Minimum 30,safe_single_predecessor,gen8
evofam-e76d0ee34d75,Krabby,Kingler,25,Minimum 25 Egg,safe_single_predecessor,gen8
evofam-7b0b24fb8a78,Kricketot,Kricketune,10,Minimum 10,safe_single_predecessor,gen8
evofam-96d44a515e85,Sandile,Krokorok,25,Minimum 25,safe_single_predecessor,gen8
evofam-96d44a515e85,Krokorok,Krookodile,40,Minimum 40,safe_single_predecessor,gen8
evofam-a39f79f20776,Lampent,Chandelure,35,Minimum 35,safe_single_predecessor,gen8
evofam-45f1909b6e71,Larvesta,Volcarona,30,Minimum 30,safe_single_predecessor,gen8
evofam-ba5963efd025,Larvitar,Pupitar,20,Minimum 20,safe_single_predecessor,gen8
evofam-ba5963efd025,Pupitar,Tyranitar,40,Minimum 40,safe_single_predecessor,gen8
evofam-8ba25d2e1e18,Sewaddle,Swadloon,15,Minimum 15,safe_single_predecessor,gen8
evofam-8ba25d2e1e18,Swadloon,Leavanny,30,Minimum 30,safe_single_predecessor,gen8
evofam-fd6e70910b50,Ledyba,Ledian,15,Minimum 15,safe_single_predecessor,gen8
evofam-d6b87fcf7b9f,Lickitung,Lickilicky,25,Minimum 25,safe_single_predecessor,gen8
evofam-6f802901c4dd,Purrloin,Liepard,20,Minimum 20,safe_single_predecessor,gen8
evofam-a15e73d4f9b4,Petilil,Lilligant,25,Minimum 25,safe_single_predecessor,gen8
evofam-8b17198a45eb,Zigzagoon,Linoone,15,Minimum 15,safe_single_predecessor,gen8
evofam-c76dc471e2ad,Zigzagoon,Linoone,15,(G) Minimum 15,safe_single_predecessor,gen8
evofam-c76dc471e2ad,Linoone,Obstagoon,30,Minimum 30,safe_single_predecessor,gen8
evofam-e84cf4b6e880,Litleo,Pyroar,25,Minimum 25,safe_single_predecessor,gen8
evofam-d9f1867709ad,Lotad,Lombre,15,Minimum 15,safe_single_predecessor,gen8
evofam-d9f1867709ad,Lombre,Ludicolo,25,Minimum 25,safe_single_predecessor,gen8
evofam-b8b0b1e830d4,Riolu,Lucario,25,Minimum 25,safe_single_predecessor,gen8
evofam-18505cb8f942,Shinx,Luxio,15,Minimum 15,safe_single_predecessor,gen8
evofam-18505cb8f942,Luxio,Luxray,30,Minimum 30,safe_single_predecessor,gen8
evofam-557680485ae1,Rockruff,LYCANROC Dusk,25,k) Minimum 25,safe_single_predecessor,gen8
evofam-cb8dfe50637f,Rockruff,LYCANROC Midday,25,y) Minimum 25,safe_single_predecessor,gen8
evofam-201993ba6ef4,Rockruff,LYCANROC Midnight,25,t) Minimum 25,safe_single_predecessor,gen8
evofam-430f49195337,Machop,Machoke,20,Minimum 20,safe_single_predecessor,gen8
evofam-430f49195337,Machoke,Machamp,35,Minimum 35,safe_single_predecessor,gen8
evofam-bac83cb392e3,Magby,Magmar,30,Minimum 30,safe_single_predecessor,gen8
evofam-bac83cb392e3,Magmar,Magmortar,40,Minimum 40,safe_single_predecessor,gen8
evofam-b38373e42456,Slugma,Magcargo,30,Minimum 30,safe_single_predecessor,gen8
evofam-4c9f11cd693d,Magnemite,Magneton,30,Minimum 30,safe_single_predecessor,gen8
evofam-4c9f11cd693d,Magneton,Magnezone,40,Minimum 40,safe_single_predecessor,gen8
evofam-f0c745783547,Swinub,Piloswine,20,Minimum 20,safe_single_predecessor,gen8
evofam-f0c745783547,Piloswine,Mamoswine,30,Minimum 30,safe_single_predecessor,gen8
evofam-907ac2f393c9,Vullaby,Mandibuzz,30,Minimum 30,safe_single_predecessor,gen8
evofam-3d53c464304c,Mankey,Primeape,25,Minimum 25,safe_single_predecessor,gen8
evofam-c84d92c60ce7,Mantyke,Mantine,25,Minimum 25,safe_single_predecessor,gen8
evofam-e731f620e801,Mareanie,Toxapex,30,Minimum 30,safe_single_predecessor,gen8
evofam-1b40cfa373a6,Flaaffy,Ampharos,30,Minimum 30 Egg,safe_single_predecessor,gen8
evofam-c628db1534d8,Mudkip,Marshtomp,15,Minimum 15,safe_single_predecessor,gen8
evofam-c628db1534d8,Marshtomp,Swampert,30,Minimum 30,safe_single_predecessor,gen8
evofam-550d992c3936,Surskit,Masquerain,20,Minimum 20,safe_single_predecessor,gen8
evofam-21870990892c,Meditite,Medicham,30,Minimum 30,safe_single_predecessor,gen8
evofam-de4c08521da8,Meltan,Melmetal,30,Minimum 30,safe_single_predecessor,gen8
evofam-2d56adf7dc88,Meowth,Persian,25,Minimum 25,safe_single_predecessor,gen8
evofam-47efc485c16a,Meowth,Persian,25,(A) Minimum 25,safe_single_predecessor,gen8
evofam-16f09222a972,Meowth,Perrserker,20,Minimum 20,safe_single_predecessor,gen8
evofam-26e32e4acd93,Mienfoo,Mienshao,30,Minimum 30 TM,safe_single_predecessor,gen8
evofam-a643f0938ed3,Mienfoo,Mienshao,30,Minimum 30,safe_single_predecessor,gen8
evofam-4a9df0188e1e,Poochyena,Mightyena,15,Minimum 15,safe_single_predecessor,gen8
evofam-85915f0c1aed,Mime Jr.,Mr. Mime,20,Minimum 20,safe_single_predecessor,gen8
evofam-85915f0c1aed,Mime Jr.,Mr. Mime,20,(G) Minimum 20,safe_single_predecessor,gen8
evofam-85915f0c1aed,Mr. Mime,Mr. Rime,30,Minimum 30,safe_single_successor,gen8
evofam-9f0e2295affe,Misdreavus,Mismagius,25,Minimum 25,safe_single_predecessor,gen8
evofam-2478ab91a4f3,Morelull,Shiinotic,20,Minimum 20,safe_single_predecessor,gen8
evofam-641f3ae5a3e2,Mudbray,Mudsdale,30,Minimum 30,safe_single_predecessor,gen8
evofam-5532d40aaae9,Munchlax,Snorlax,25,Minimum 25,safe_single_predecessor,gen8
evofam-23ba94ba6d8b,Munna,Musharna,25,Minimum 25,safe_single_predecessor,gen8
evofam-ba4b9a490de8,Natu,Xatu,25,Minimum 25,safe_single_predecessor,gen8
evofam-521aeb9f3001,Nickit,Thievul,15,Minimum 15,safe_single_predecessor,gen8
evofam-699bb0501744,NIDORAN (M),Nidorino,15,Minimum 15,safe_single_predecessor,gen8
evofam-699bb0501744,Nidorino,Nidoking,30,Minimum 30,safe_single_predecessor,gen8
evofam-fe8ae56aff68,NIDORAN (F),Nidorina,15,Minimum 15,safe_single_predecessor,gen8
evofam-fe8ae56aff68,Nidorina,Nidoqueen,30,Minimum 30,safe_single_predecessor,gen8
evofam-28f09ed7cbb0,Nincada,Ninjask,20,Minimum 20,safe_single_predecessor,gen8
evofam-28f09ed7cbb0,Nincada,Shedinja,,see Shed Evolution,safe_single_predecessor,gen8
evofam-767054eb481f,Vulpix,Ninetales,25,Minimum 25,safe_single_predecessor,gen8
evofam-10db89dba1b1,Vulpix,Ninetales,25,(A) Minimum 25,safe_single_predecessor,gen8
evofam-3b0abdbe2fc3,Noibat,Noivern,25,Minimum 25,safe_single_predecessor,gen8
evofam-9bfc950c57d3,Nosepass,Probopass,25,Minimum 25,safe_single_predecessor,gen8
evofam-852cd8f3ef1a,Seedot,Nuzleaf,15,Minimum 15,safe_single_predecessor,gen8
evofam-852cd8f3ef1a,Nuzleaf,Shiftry,25,Minimum 25,safe_single_predecessor,gen8
evofam-78b455e5cbcd,Remoraid,Octillery,25,Minimum 25,safe_single_predecessor,gen8
evofam-f2c7d0767ac1,Omanyte,Omastar,30,Minimum 30,safe_single_predecessor,gen8
evofam-3aa95e5dfe4c,Onix,Steelix,30,Minimum 30,safe_single_predecessor,gen8
evofam-0adc99aa3323,Dewott,Samurott,30,Minimum 30 Egg,safe_single_predecessor,gen8
evofam-b8e486548233,Sandygast,Palossand,30,Minimum 30,safe_single_predecessor,gen8
evofam-fdd0119ab951,Tympole,Palpitoad,15,Minimum 15,safe_single_predecessor,gen8
evofam-fdd0119ab951,Palpitoad,Seismitoad,35,Minimum 35,safe_single_predecessor,gen8
evofam-a570975eef8c,Pancham,Pangoro,30,Minimum 30 TM,safe_single_predecessor,gen8
evofam-f90fe7b09c43,Pancham,Pangoro,30,Minimum 30,safe_single_predecessor,gen8
evofam-7f02841dd309,Panpour,Simipour,25,Minimum 25,safe_single_predecessor,gen8
evofam-46178b34a7ff,Pansage,Simisage,25,Minimum 25,safe_single_predecessor,gen8
evofam-9082c3d7ad9a,Pansear,Simisear,25,Minimum 25,safe_single_predecessor,gen8
evofam-00bd90ba8fb1,Paras,Parasect,20,Minimum 20,safe_single_predecessor,gen8
evofam-551b4068560d,Patrat,Watchog,20,Minimum 20,safe_single_predecessor,gen8
evofam-5771dfe2c9d1,Pawniard,Bisharp,25,Minimum 25 TM,safe_single_predecessor,gen8
evofam-08ecb6a41b1a,Wingull,Pelipper,25,Minimum 25,safe_single_predecessor,gen8
evofam-0113591efae6,Petilil,Lilligant,25,Minimum 25 Egg,safe_single_predecessor,gen8
evofam-b143d29af2d1,Phantump,Trevenant,25,Minimum 25,safe_single_predecessor,gen8
evofam-a3deb3f469a5,Pichu,Pikachu,10,Minimum 10,safe_single_predecessor,gen8
evofam-a3deb3f469a5,Pikachu,Raichu,25,Minimum 25,safe_single_predecessor,gen8
evofam-a3deb3f469a5,Pikachu,Raichu,25,(A) Minimum 25 TM,safe_single_predecessor,gen8
evofam-2fd52e11ecb3,Pidgey,Pidgeotto,15,Minimum 15,safe_single_predecessor,gen8
evofam-2fd52e11ecb3,Pidgeotto,Pidgeot,30,Minimum 30,safe_single_predecessor,gen8
evofam-ae3bf817bc3e,Pidgey,Pidgeot,30,Minimum 30,safe_single_predecessor,pidgey
evofam-47b45184dac0,Pidove,Tranquill,15,Minimum 15,safe_single_predecessor,gen8
evofam-47b45184dac0,Tranquill,Unfezant,30,Minimum 30,safe_single_predecessor,gen8
evofam-42d8d25704c8,Pikachu,Raichu,25,(A) Minimum 25,safe_single_predecessor,gen8
evofam-48029d643742,Pikipek,Trumbeak,15,Minimum 15,safe_single_predecessor,gen8
evofam-48029d643742,Trumbeak,Toucannon,30,Minimum 30,safe_single_predecessor,gen8
evofam-ae9c84ac680e,Poliwag,Poliwhirl,20,Minimum 20,safe_single_predecessor,gen8
evofam-ae9c84ac680e,Poliwhirl,Politoed,30,Minimum 30,safe_single_predecessor,gen8
evofam-40e9c8e80b1c,Poliwhirl,Poliwrath,30,Minimum 30,safe_single_predecessor,gen8
evofam-cd663e7d4f39,Sinistea,Polteageist,25,Minimum 25,safe_single_predecessor,gen8
evofam-903eaf2bdc39,Ponyta,Rapidash,30,Minimum 30,safe_single_predecessor,gen8
evofam-1844113b7f4e,Ponyta,Rapidash,30,(G) Minimum 30,safe_single_predecessor,gen8
evofam-c2654b46a3d5,Brionne,Primarina,30,Minimum 30 Egg,safe_single_predecessor,gen8
evofam-695d823c12b2,Porygon,Porygon2,25,Minimum 25,safe_single_predecessor,gen8
evofam-695d823c12b2,Porygon2,Porygon-Z,35,Minimum 35,safe_single_predecessor,gen8
evofam-17db4f131e85,Pumpkaboo,Gourgeist,25,Minimum 25 Egg,safe_single_predecessor,gen8
evofam-06685768d5fe,Purrloin,Liepard,20,Minimum 20 TM,safe_single_predecessor,gen8
evofam-d9a4711bab2f,Litleo,Pyroar,25,Minimum 25 TM,safe_single_predecessor,gen8
evofam-b688ba0a2b80,Wooper,Quagsire,20,Minimum 20,safe_single_predecessor,gen8
evofam-ce37b4939612,Cranidos,Rampardos,30,Minimum 30,safe_single_predecessor,gen8
evofam-468c637e90b6,Rattata,Raticate,20,Minimum 20,safe_single_predecessor,gen8
evofam-28e30ba6aab4,Rattata,Raticate,20,(A) Minimum 20,safe_single_predecessor,gen8
evofam-6a8ba4b5b1e5,Rhyhorn,Rhydon,25,Minimum 25,safe_single_predecessor,gen8
evofam-6a8ba4b5b1e5,Rhydon,Rhyperior,45,Minimum 45,safe_single_predecessor,gen8
evofam-d584c4b61b3f,Roselia,Roserade,30,Minimum 30,safe_single_predecessor,gen8
evofam-821da697efff,Yamask,Runerigus,30,Minimum 30,safe_single_predecessor,gen8
evofam-8b4910410d33,Salandit,Salazzle,30,Minimum 30 Female,safe_single_predecessor,gen8
evofam-34e0d5a768b1,Silicobra,Sandaconda,30,Minimum 30,safe_single_predecessor,gen8
evofam-5a6093c580a2,Sandshrew,Sandslash,20,Minimum 20,safe_single_predecessor,gen8
evofam-5aa7d104fd0c,Sandshrew,Sandslash,25,(A) Minimum 25,safe_single_predecessor,gen8
evofam-caa9a6391a67,Sandygast,Palossand,30,Minimum 30 Egg,safe_single_predecessor,gen8
evofam-8e9b5e209610,Scatterbug,Spewpa,5,Minimum 5,safe_single_predecessor,gen8
evofam-8e9b5e209610,Spewpa,Vivillon,10,Minimum 10,safe_single_predecessor,gen8
evofam-176c2af63818,Scyther,Scizor,30,Minimum 30,safe_single_predecessor,gen8
evofam-23065a392097,Venipede,Whirlipede,15,Minimum 15,safe_single_predecessor,gen8
evofam-23065a392097,Whirlipede,Scolipede,30,Minimum 30,safe_single_predecessor,gen8
evofam-6c44724361e9,Scraggy,Scrafty,35,Minimum 35,safe_single_predecessor,gen8
evofam-8b8f376f9010,Spheal,Sealeo,20,Minimum 20,safe_single_predecessor,gen8
evofam-8b8f376f9010,Sealeo,Walrein,35,Minimum 35,safe_single_predecessor,gen8
evofam-17f9d9991a9e,Nuzleaf,Shiftry,25,Minimum 25 TM,safe_single_predecessor,gen8
evofam-df391d8e646b,Snivy,Servine,15,Minimum 15,safe_single_predecessor,gen8
evofam-df391d8e646b,Servine,Serperior,30,Minimum 30,safe_single_predecessor,gen8
evofam-3567c9df0f1f,Servine,Serperior,30,Minimum 30 Tutor,safe_single_predecessor,gen8
evofam-7e2b87870e17,Shelmet,Accelgor,25,Minimum 25 Egg,safe_single_predecessor,gen8
evofam-f80f07819cc4,Luxio,Luxray,30,Minimum 30 Egg,safe_single_predecessor,gen8
evofam-19d13ea75553,TYPE: NULL,Silvally,30,Minimum 30,safe_single_predecessor,gen8
evofam-a9db6718ba0d,Stunky,Skuntank,30,Minimum 30,safe_single_predecessor,gen8
evofam-ec9499937809,Slakoth,Vigoroth,15,Minimum 15,safe_single_predecessor,gen8
evofam-ec9499937809,Vigoroth,Slaking,35,Minimum 35,safe_single_predecessor,gen8
evofam-dfd26574e6c6,Slowpoke,Slowbro,30,Minimum 30,safe_single_predecessor,gen8
evofam-95bdc936aa1a,Slowpoke,Slowking,30,Minimum 30,safe_single_predecessor,gen8
evofam-da0a6517d2bc,Swirlix,Slurpuff,25,Minimum 25 Tutor,safe_single_predecessor,gen8
evofam-340b386d5122,Smoochum,Jynx,30,Minimum 30 TM,safe_single_predecessor,gen8
evofam-7ffb66182079,Sneasel,Weavile,30,Minimum 30,safe_single_predecessor,gen8
evofam-d3f31f71d996,Sealeo,Walrein,35,Minimum 35 Egg,safe_single_predecessor,gen8
evofam-7083324f8e20,Starly,Staravia,15,Minimum 15,safe_single_predecessor,gen8
evofam-7083324f8e20,Staravia,Staraptor,30,Minimum 30,safe_single_predecessor,gen8
evofam-35b79fa05a4a,Staryu,Starmie,25,Minimum 25,safe_single_predecessor,gen8
evofam-9849bdcbd889,Steenee,Tsareena,30,Minimum 30,safe_single_predecessor,gen8
evofam-906562e9f48a,Bonsly,Sudowoodo,20,Minimum 20,safe_single_predecessor,gen8
evofam-5302b02a51d3,Sunkern,Sunflora,20,Minimum 20,safe_single_predecessor,gen8
evofam-04e8a14317b5,Taillow,Swellow,20,Minimum 20,safe_single_predecessor,gen8
evofam-67c4ea281e1e,Swirlix,Slurpuff,25,Minimum 25,safe_single_predecessor,gen8
evofam-dd6016f4e265,Woobat,Swoobat,20,Minimum 20,safe_single_predecessor,gen8
evofam-74883a47390f,Eevee,Sylveon,25,Minimum 25,safe_single_predecessor,gen8
evofam-c912bba3ccf6,Tangela,Tangrowth,30,Minimum 30,safe_single_predecessor,gen8
evofam-cac70977d2fe,Teddiursa,Ursaring,30,Minimum 30,safe_single_predecessor,gen8
evofam-267f851f70f4,Tentacool,Tentacruel,25,Minimum 25,safe_single_predecessor,gen8
evofam-6e19ec138204,Togepi,Togetic,10,Minimum 10,safe_single_predecessor,gen8
evofam-6e19ec138204,Togetic,Togekiss,30,Minimum 30,safe_single_predecessor,gen8
evofam-fdfae5449d7a,Toxel,Toxtricity,20,Minimum 20,safe_single_predecessor,gen8
evofam-d018f143bca6,TYPE: NULL,Silvally,30,Minimum 30 TM,safe_single_predecessor,gen8
evofam-08d58a3c7241,Tyrunt,Tyrantrum,30,Minimum 30,safe_single_predecessor,gen8
evofam-0ded720ae049,Vanillite,Vanillish,20,Minimum 20,safe_single_predecessor,gen8
evofam-0ded720ae049,Vanillish,Vanilluxe,35,Minimum 35,safe_single_predecessor,gen8
evofam-bf860b5b4efa,Venonat,Venomoth,30,Minimum 30,safe_single_predecessor,gen8
evofam-e91bee33576d,Vigoroth,Slaking,35,Minimum 35 TM,safe_single_predecessor,gen8
evofam-2c7390368d2c,Wailmer,Wailord,30,Minimum 30,safe_single_predecessor,gen8
evofam-778e06f39f96,Barboach,Whiscash,30,Minimum 30,safe_single_predecessor,gen8
evofam-e6c396002b19,Wynaut,Wobbuffet,15,Minimum 15,safe_single_predecessor,gen8
evofam-c94248e82a42,Yanma,Yanmega,30,Minimum 30,safe_single_predecessor,gen8
evofam-ef2feadb8e0b,Zorua,Zoroark,30,Minimum 30,safe_single_predecessor,gen8
evofam-491756bf3c46,Zorua,Zoroark,30,Minimum 30 TM,safe_single_predecessor,gen8
