national_dex_number,display_name,species_key,generation,types,definition_id,mechanical_completeness,enabled_for_character_creation,source_ids,official_number_status
891,Kubfu,kubfu,8,"[""Fighting""]",kubfu,external_stub,False,"[""pokeapi_species_csv"",""pokeapi_pokemon_types_csv""]",
892,Urshifu,urshifu,8,"[""Fighting"",""Dark""]",urshifu,external_stub,False,"[""pokeapi_species_csv"",""pokeapi_pokemon_types_csv""]",
893,Zarude,zarude,8,"[""Dark"",""Grass""]",zarude,external_stub,False,"[""pokeapi_species_csv"",""pokeapi_pokemon_types_csv""]",
894,Regieleki,regieleki,8,"[""Electric""]",regieleki,external_stub,False,"[""pokeapi_species_csv"",""pokeapi_pokemon_types_csv""]",
895,Regidrago,regidrago,8,"[""Dragon""]",regidrago,external_stub,False,"[""pokeapi_species_csv"",""pokeapi_pokemon_types_csv""]",
896,Glastrier,glastrier,8,"[""Ice""]",glastrier,external_stub,False,"[""pokeapi_species_csv"",""pokeapi_pokemon_types_csv""]",
897,Spectrier,spectrier,8,"[""Ghost""]",spectrier,external_stub,False,"[""pokeapi_species_csv"",""pokeapi_pokemon_types_csv""]",
898,Calyrex,calyrex,8,"[""Psychic"",""Grass""]",calyrex,external_stub,False,"[""pokeapi_species_csv"",""pokeapi_pokemon_types_csv""]",
899,Wyrdeer,wyrdeer,8,"[""Normal"",""Psychic""]",wyrdeer,external_stub,False,"[""pokeapi_species_csv"",""pokeapi_pokemon_types_csv""]",
900,Kleavor,kleavor,8,"[""Bug"",""Rock""]",kleavor,external_stub,False,"[""pokeapi_species_csv"",""pokeapi_pokemon_types_csv""]",
901,Ursaluna,ursaluna,8,"[""Ground"",""Normal""]",ursaluna,external_stub,False,"[""pokeapi_species_csv"",""pokeapi_pokemon_types_csv""]",
902,Basculegion,basculegion,8,"[""Water"",""Ghost""]",basculegion,external_stub,False,"[""pokeapi_species_csv"",""pokeapi_pokemon_types_csv""]",
903,Sneasler,sneasler,8,"[""Fighting"",""Poison""]",sneasler,external_stub,False,"[""pokeapi_species_csv"",""pokeapi_pokemon_types_csv""]",
904,Overqwil,overqwil,8,"[""Dark"",""Poison""]",overqwil,external_stub,False,"[""pokeapi_species_csv"",""pokeapi_pokemon_types_csv""]",
905,Enamorus,enamorus,8,"[""Fairy"",""Flying""]",enamorus,external_stub,False,"[""pokeapi_species_csv"",""pokeapi_pokemon_types_csv""]",
906,Sprigatito,sprigatito,9,"[""Grass""]",sprigatito,external_stub,False,"[""pokeapi_species_csv"",""pokeapi_pokemon_types_csv""]",
907,Floragato,floragato,9,"[""Grass""]",floragato,external_stub,False,"[""pokeapi_species_csv"",""pokeapi_pokemon_types_csv""]",
908,Meowscarada,meowscarada,9,"[""Grass"",""Dark""]",meowscarada,external_stub,False,"[""pokeapi_species_csv"",""pokeapi_pokemon_types_csv""]",
909,Fuecoco,fuecoco,9,"[""Fire""]",fuecoco,external_stub,False,"[""pokeapi_species_csv"",""pokeapi_pokemon_types_csv""]",
910,Crocalor,crocalor,9,"[""Fire""]",crocalor,external_stub,False,"[""pokeapi_species_csv"",""pokeapi_pokemon_types_csv""]",
911,Skeledirge,skeledirge,9,"[""Fire"",""Ghost""]",skeledirge,external_stub,False,"[""pokeapi_species_csv"",""pokeapi_pokemon_types_csv""]",
912,Quaxly,quaxly,9,"[""Water""]",quaxly,external_stub,False,"[""pokeapi_species_csv"",""pokeapi_pokemon_types_csv""]",
913,Quaxwell,quaxwell,9,"[""Water""]",quaxwell,external_stub,False,"[""pokeapi_species_csv"",""pokeapi_pokemon_types_csv""]",
914,Quaquaval,quaquaval,9,"[""Water"",""Fighting""]",quaquaval,external_stub,False,"[""pokeapi_species_csv"",""pokeapi_pokemon_types_csv""]",
915,Lechonk,lechonk,9,"[""Normal""]",lechonk,external_stub,False,"[""pokeapi_species_csv"",""pokeapi_pokemon_types_csv""]",
916,Oinkologne,oinkologne,9,"[""Normal""]",oinkologne,external_stub,False,"[""pokeapi_species_csv"",""pokeapi_pokemon_types_csv""]",
917,Tarountula,tarountula,9,"[""Bug""]",tarountula,external_stub,False,"[""pokeapi_species_csv"",""pokeapi_pokemon_types_csv""]",
918,Spidops,spidops,9,"[""Bug""]",spidops,external_stub,False,"[""pokeapi_species_csv"",""pokeapi_pokemon_types_csv""]",
919,Nymble,nymble,9,"[""Bug""]",nymble,external_stub,False,"[""pokeapi_species_csv"",""pokeapi_pokemon_types_csv""]",
920,Lokix,lokix,9,"[""Bug"",""Dark""]",lokix,external_stub,False,"[""pokeapi_species_csv"",""pokeapi_pokemon_types_csv""]",
921,Pawmi,pawmi,9,"[""Electric""]",pawmi,external_stub,False,"[""pokeapi_species_csv"",""pokeapi_pokemon_types_csv""]",
922,Pawmo,pawmo,9,"[""Electric"",""Fighting""]",pawmo,external_stub,False,"[""pokeapi_species_csv"",""pokeapi_pokemon_types_csv""]",
923,Pawmot,pawmot,9,"[""Electric"",""Fighting""]",pawmot,external_stub,False,"[""pokeapi_species_csv"",""pokeapi_pokemon_types_csv""]",
924,Tandemaus,tandemaus,9,"[""Normal""]",tandemaus,external_stub,False,"[""pokeapi_species_csv"",""pokeapi_pokemon_types_csv""]",
925,Maushold,maushold,9,"[""Normal""]",maushold,external_stub,False,"[""pokeapi_species_csv"",""pokeapi_pokemon_types_csv""]",
926,Fidough,fidough,9,"[""Fairy""]",fidough,external_stub,False,"[""pokeapi_species_csv"",""pokeapi_pokemon_types_csv""]",
927,Dachsbun,dachsbun,9,"[""Fairy""]",dachsbun,external_stub,False,"[""pokeapi_species_csv"",""pokeapi_pokemon_types_csv""]",
928,Smoliv,smoliv,9,"[""Grass"",""Normal""]",smoliv,external_stub,False,"[""pokeapi_species_csv"",""pokeapi_pokemon_types_csv""]",
929,Dolliv,dolliv,9,"[""Grass"",""Normal""]",dolliv,external_stub,False,"[""pokeapi_species_csv"",""pokeapi_pokemon_types_csv""]",
930,Arboliva,arboliva,9,"[""Grass"",""Normal""]",arboliva,external_stub,False,"[""pokeapi_species_csv"",""pokeapi_pokemon_types_csv""]",
931,Squawkabilly,squawkabilly,9,"[""Normal"",""Flying""]",squawkabilly,external_stub,False,"[""pokeapi_species_csv"",""pokeapi_pokemon_types_csv""]",
932,Nacli,nacli,9,"[""Rock""]",nacli,external_stub,False,"[""pokeapi_species_csv"",""pokeapi_pokemon_types_csv""]",
933,Naclstack,naclstack,9,"[""Rock""]",naclstack,external_stub,False,"[""pokeapi_species_csv"",""pokeapi_pokemon_types_csv""]",
934,Garganacl,garganacl,9,"[""Rock""]",garganacl,external_stub,False,"[""pokeapi_species_csv"",""pokeapi_pokemon_types_csv""]",
938,Tadbulb,tadbulb,9,"[""Electric""]",tadbulb,external_stub,False,"[""pokeapi_species_csv"",""pokeapi_pokemon_types_csv""]",
939,Bellibolt,bellibolt,9,"[""Electric""]",bellibolt,external_stub,False,"[""pokeapi_species_csv"",""pokeapi_pokemon_types_csv""]",
940,Wattrel,wattrel,9,"[""Electric"",""Flying""]",wattrel,external_stub,False,"[""pokeapi_species_csv"",""pokeapi_pokemon_types_csv""]",
941,Kilowattrel,kilowattrel,9,"[""Electric"",""Flying""]",kilowattrel,external_stub,False,"[""pokeapi_species_csv"",""pokeapi_pokemon_types_csv""]",
942,Maschiff,maschiff,9,"[""Dark""]",maschiff,external_stub,False,"[""pokeapi_species_csv"",""pokeapi_pokemon_types_csv""]",
943,Mabosstiff,mabosstiff,9,"[""Dark""]",mabosstiff,external_stub,False,"[""pokeapi_species_csv"",""pokeapi_pokemon_types_csv""]",
944,Shroodle,shroodle,9,"[""Poison"",""Normal""]",shroodle,external_stub,False,"[""pokeapi_species_csv"",""pokeapi_pokemon_types_csv""]",
945,Grafaiai,grafaiai,9,"[""Poison"",""Normal""]",grafaiai,external_stub,False,"[""pokeapi_species_csv"",""pokeapi_pokemon_types_csv""]",
946,Bramblin,bramblin,9,"[""Grass"",""Ghost""]",bramblin,external_stub,False,"[""pokeapi_species_csv"",""pokeapi_pokemon_types_csv""]",
947,Brambleghast,brambleghast,9,"[""Grass"",""Ghost""]",brambleghast,external_stub,False,"[""pokeapi_species_csv"",""pokeapi_pokemon_types_csv""]",
948,Toedscool,toedscool,9,"[""Ground"",""Grass""]",toedscool,external_stub,False,"[""pokeapi_species_csv"",""pokeapi_pokemon_types_csv""]",
949,Toedscruel,toedscruel,9,"[""Ground"",""Grass""]",toedscruel,external_stub,False,"[""pokeapi_species_csv"",""pokeapi_pokemon_types_csv""]",
950,Klawf,klawf,9,"[""Rock""]",klawf,external_stub,False,"[""pokeapi_species_csv"",""pokeapi_pokemon_types_csv""]",
951,Capsakid,capsakid,9,"[""Grass""]",capsakid,external_stub,False,"[""pokeapi_species_csv"",""pokeapi_pokemon_types_csv""]",
952,Scovillain,scovillain,9,"[""Grass"",""Fire""]",scovillain,external_stub,False,"[""pokeapi_species_csv"",""pokeapi_pokemon_types_csv""]",
953,Rellor,rellor,9,"[""Bug""]",rellor,external_stub,False,"[""pokeapi_species_csv"",""pokeapi_pokemon_types_csv""]",
954,Rabsca,rabsca,9,"[""Bug"",""Psychic""]",rabsca,external_stub,False,"[""pokeapi_species_csv"",""pokeapi_pokemon_types_csv""]",
955,Flittle,flittle,9,"[""Psychic""]",flittle,external_stub,False,"[""pokeapi_species_csv"",""pokeapi_pokemon_types_csv""]",
956,Espathra,espathra,9,"[""Psychic""]",espathra,external_stub,False,"[""pokeapi_species_csv"",""pokeapi_pokemon_types_csv""]",
957,Tinkatink,tinkatink,9,"[""Fairy"",""Steel""]",tinkatink,external_stub,False,"[""pokeapi_species_csv"",""pokeapi_pokemon_types_csv""]",
958,Tinkatuff,tinkatuff,9,"[""Fairy"",""Steel""]",tinkatuff,external_stub,False,"[""pokeapi_species_csv"",""pokeapi_pokemon_types_csv""]",
959,Tinkaton,tinkaton,9,"[""Fairy"",""Steel""]",tinkaton,external_stub,False,"[""pokeapi_species_csv"",""pokeapi_pokemon_types_csv""]",
960,Wiglett,wiglett,9,"[""Water""]",wiglett,external_stub,False,"[""pokeapi_species_csv"",""pokeapi_pokemon_types_csv""]",
961,Wugtrio,wugtrio,9,"[""Water""]",wugtrio,external_stub,False,"[""pokeapi_species_csv"",""pokeapi_pokemon_types_csv""]",
962,Bombirdier,bombirdier,9,"[""Flying"",""Dark""]",bombirdier,external_stub,False,"[""pokeapi_species_csv"",""pokeapi_pokemon_types_csv""]",
963,Finizen,finizen,9,"[""Water""]",finizen,external_stub,False,"[""pokeapi_species_csv"",""pokeapi_pokemon_types_csv""]",
964,Palafin,palafin,9,"[""Water""]",palafin,external_stub,False,"[""pokeapi_species_csv"",""pokeapi_pokemon_types_csv""]",
965,Varoom,varoom,9,"[""Steel"",""Poison""]",varoom,external_stub,False,"[""pokeapi_species_csv"",""pokeapi_pokemon_types_csv""]",
966,Revavroom,revavroom,9,"[""Steel"",""Poison""]",revavroom,external_stub,False,"[""pokeapi_species_csv"",""pokeapi_pokemon_types_csv""]",
967,Cyclizar,cyclizar,9,"[""Dragon"",""Normal""]",cyclizar,external_stub,False,"[""pokeapi_species_csv"",""pokeapi_pokemon_types_csv""]",
968,Orthworm,orthworm,9,"[""Steel""]",orthworm,external_stub,False,"[""pokeapi_species_csv"",""pokeapi_pokemon_types_csv""]",
969,Glimmet,glimmet,9,"[""Rock"",""Poison""]",glimmet,external_stub,False,"[""pokeapi_species_csv"",""pokeapi_pokemon_types_csv""]",
970,Glimmora,glimmora,9,"[""Rock"",""Poison""]",glimmora,external_stub,False,"[""pokeapi_species_csv"",""pokeapi_pokemon_types_csv""]",
971,Greavard,greavard,9,"[""Ghost""]",greavard,external_stub,False,"[""pokeapi_species_csv"",""pokeapi_pokemon_types_csv""]",
972,Houndstone,houndstone,9,"[""Ghost""]",houndstone,external_stub,False,"[""pokeapi_species_csv"",""pokeapi_pokemon_types_csv""]",
973,Flamigo,flamigo,9,"[""Flying"",""Fighting""]",flamigo,external_stub,False,"[""pokeapi_species_csv"",""pokeapi_pokemon_types_csv""]",
974,Cetoddle,cetoddle,9,"[""Ice""]",cetoddle,external_stub,False,"[""pokeapi_species_csv"",""pokeapi_pokemon_types_csv""]",
975,Cetitan,cetitan,9,"[""Ice""]",cetitan,external_stub,False,"[""pokeapi_species_csv"",""pokeapi_pokemon_types_csv""]",
976,Veluza,veluza,9,"[""Water"",""Psychic""]",veluza,external_stub,False,"[""pokeapi_species_csv"",""pokeapi_pokemon_types_csv""]",
977,Dondozo,dondozo,9,"[""Water""]",dondozo,external_stub,False,"[""pokeapi_species_csv"",""pokeapi_pokemon_types_csv""]",
978,Tatsugiri,tatsugiri,9,"[""Dragon"",""Water""]",tatsugiri,external_stub,False,"[""pokeapi_species_csv"",""pokeapi_pokemon_types_csv""]",
979,Annihilape,annihilape,9,"[""Fighting"",""Ghost""]",annihilape,external_stub,False,"[""pokeapi_species_csv"",""pokeapi_pokemon_types_csv""]",
980,Clodsire,clodsire,9,"[""Poison"",""Ground""]",clodsire,external_stub,False,"[""pokeapi_species_csv"",""pokeapi_pokemon_types_csv""]",
981,Farigiraf,farigiraf,9,"[""Normal"",""Psychic""]",farigiraf,external_stub,False,"[""pokeapi_species_csv"",""pokeapi_pokemon_types_csv""]",
982,Dudunsparce,dudunsparce,9,"[""Normal""]",dudunsparce,external_stub,False,"[""pokeapi_species_csv"",""pokeapi_pokemon_types_csv""]",
984,Great Tusk,greattusk,9,"[""Ground"",""Fighting""]",great-tusk,external_stub,False,"[""pokeapi_species_csv"",""pokeapi_pokemon_types_csv""]",
985,Scream Tail,screamtail,9,"[""Fairy"",""Psychic""]",scream-tail,external_stub,False,"[""pokeapi_species_csv"",""pokeapi_pokemon_types_csv""]",
986,Brute Bonnet,brutebonnet,9,"[""Grass"",""Dark""]",brute-bonnet,external_stub,False,"[""pokeapi_species_csv"",""pokeapi_pokemon_types_csv""]",
987,Flutter Mane,fluttermane,9,"[""Ghost"",""Fairy""]",flutter-mane,external_stub,False,"[""pokeapi_species_csv"",""pokeapi_pokemon_types_csv""]",
988,Slither Wing,slitherwing,9,"[""Bug"",""Fighting""]",slither-wing,external_stub,False,"[""pokeapi_species_csv"",""pokeapi_pokemon_types_csv""]",
989,Sandy Shocks,sandyshocks,9,"[""Electric"",""Ground""]",sandy-shocks,external_stub,False,"[""pokeapi_species_csv"",""pokeapi_pokemon_types_csv""]",
990,Iron Treads,irontreads,9,"[""Ground"",""Steel""]",iron-treads,external_stub,False,"[""pokeapi_species_csv"",""pokeapi_pokemon_types_csv""]",
991,Iron Bundle,ironbundle,9,"[""Ice"",""Water""]",iron-bundle,external_stub,False,"[""pokeapi_species_csv"",""pokeapi_pokemon_types_csv""]",
992,Iron Hands,ironhands,9,"[""Fighting"",""Electric""]",iron-hands,external_stub,False,"[""pokeapi_species_csv"",""pokeapi_pokemon_types_csv""]",
993,Iron Jugulis,ironjugulis,9,"[""Dark"",""Flying""]",iron-jugulis,external_stub,False,"[""pokeapi_species_csv"",""pokeapi_pokemon_types_csv""]",
994,Iron Moth,ironmoth,9,"[""Fire"",""Poison""]",iron-moth,external_stub,False,"[""pokeapi_species_csv"",""pokeapi_pokemon_types_csv""]",
995,Iron Thorns,ironthorns,9,"[""Rock"",""Electric""]",iron-thorns,external_stub,False,"[""pokeapi_species_csv"",""pokeapi_pokemon_types_csv""]",
996,Frigibax,frigibax,9,"[""Dragon"",""Ice""]",frigibax,external_stub,False,"[""pokeapi_species_csv"",""pokeapi_pokemon_types_csv""]",
997,Arctibax,arctibax,9,"[""Dragon"",""Ice""]",arctibax,external_stub,False,"[""pokeapi_species_csv"",""pokeapi_pokemon_types_csv""]",
998,Baxcalibur,baxcalibur,9,"[""Dragon"",""Ice""]",baxcalibur,external_stub,False,"[""pokeapi_species_csv"",""pokeapi_pokemon_types_csv""]",
999,Gimmighoul,gimmighoul,9,"[""Ghost""]",gimmighoul,external_stub,False,"[""pokeapi_species_csv"",""pokeapi_pokemon_types_csv""]",
1000,Gholdengo,gholdengo,9,"[""Steel"",""Ghost""]",gholdengo,external_stub,False,"[""pokeapi_species_csv"",""pokeapi_pokemon_types_csv""]",
1001,Wo-Chien,wochien,9,"[""Dark"",""Grass""]",wo-chien,external_stub,False,"[""pokeapi_species_csv"",""pokeapi_pokemon_types_csv""]",
1002,Chien-Pao,chienpao,9,"[""Dark"",""Ice""]",chien-pao,external_stub,False,"[""pokeapi_species_csv"",""pokeapi_pokemon_types_csv""]",
1003,Ting-Lu,tinglu,9,"[""Dark"",""Ground""]",ting-lu,external_stub,False,"[""pokeapi_species_csv"",""pokeapi_pokemon_types_csv""]",
1004,Chi-Yu,chiyu,9,"[""Dark"",""Fire""]",chi-yu,external_stub,False,"[""pokeapi_species_csv"",""pokeapi_pokemon_types_csv""]",
1005,Roaring Moon,roaringmoon,9,"[""Dragon"",""Dark""]",roaring-moon,external_stub,False,"[""pokeapi_species_csv"",""pokeapi_pokemon_types_csv""]",
1006,Iron Valiant,ironvaliant,9,"[""Fairy"",""Fighting""]",iron-valiant,external_stub,False,"[""pokeapi_species_csv"",""pokeapi_pokemon_types_csv""]",
1007,Koraidon,koraidon,9,"[""Fighting"",""Dragon""]",koraidon,external_stub,False,"[""pokeapi_species_csv"",""pokeapi_pokemon_types_csv""]",
1008,Miraidon,miraidon,9,"[""Electric"",""Dragon""]",miraidon,external_stub,False,"[""pokeapi_species_csv"",""pokeapi_pokemon_types_csv""]",
1009,Walking Wake,walkingwake,9,"[""Water"",""Dragon""]",walking-wake,external_stub,False,"[""pokeapi_species_csv"",""pokeapi_pokemon_types_csv""]",
1010,Iron Leaves,ironleaves,9,"[""Grass"",""Psychic""]",iron-leaves,external_stub,False,"[""pokeapi_species_csv"",""pokeapi_pokemon_types_csv""]",
1011,Dipplin,dipplin,9,"[""Grass"",""Dragon""]",dipplin,external_stub,False,"[""pokeapi_species_csv"",""pokeapi_pokemon_types_csv""]",
1012,Poltchageist,poltchageist,9,"[""Grass"",""Ghost""]",poltchageist,external_stub,False,"[""pokeapi_species_csv"",""pokeapi_pokemon_types_csv""]",
1013,Sinistcha,sinistcha,9,"[""Grass"",""Ghost""]",sinistcha,external_stub,False,"[""pokeapi_species_csv"",""pokeapi_pokemon_types_csv""]",
1014,Okidogi,okidogi,9,"[""Poison"",""Fighting""]",okidogi,external_stub,False,"[""pokeapi_species_csv"",""pokeapi_pokemon_types_csv""]",
1015,Munkidori,munkidori,9,"[""Poison"",""Psychic""]",munkidori,external_stub,False,"[""pokeapi_species_csv"",""pokeapi_pokemon_types_csv""]",
1016,Fezandipiti,fezandipiti,9,"[""Poison"",""Fairy""]",fezandipiti,external_stub,False,"[""pokeapi_species_csv"",""pokeapi_pokemon_types_csv""]",
1017,Ogerpon,ogerpon,9,"[""Grass""]",ogerpon,external_stub,False,"[""pokeapi_species_csv"",""pokeapi_pokemon_types_csv""]",
1018,Archaludon,archaludon,9,"[""Steel"",""Dragon""]",archaludon,external_stub,False,"[""pokeapi_species_csv"",""pokeapi_pokemon_types_csv""]",
1019,Hydrapple,hydrapple,9,"[""Grass"",""Dragon""]",hydrapple,external_stub,False,"[""pokeapi_species_csv"",""pokeapi_pokemon_types_csv""]",
1020,Gouging Fire,gougingfire,9,"[""Fire"",""Dragon""]",gouging-fire,external_stub,False,"[""pokeapi_species_csv"",""pokeapi_pokemon_types_csv""]",
1021,Raging Bolt,ragingbolt,9,"[""Electric"",""Dragon""]",raging-bolt,external_stub,False,"[""pokeapi_species_csv"",""pokeapi_pokemon_types_csv""]",
1022,Iron Boulder,ironboulder,9,"[""Rock"",""Psychic""]",iron-boulder,external_stub,False,"[""pokeapi_species_csv"",""pokeapi_pokemon_types_csv""]",
1023,Iron Crown,ironcrown,9,"[""Steel"",""Psychic""]",iron-crown,external_stub,False,"[""pokeapi_species_csv"",""pokeapi_pokemon_types_csv""]",
1024,Terapagos,terapagos,9,"[""Normal""]",terapagos,external_stub,False,"[""pokeapi_species_csv"",""pokeapi_pokemon_types_csv""]",
1025,Pecharunt,pecharunt,9,"[""Poison"",""Ghost""]",pecharunt,external_stub,False,"[""pokeapi_species_csv"",""pokeapi_pokemon_types_csv""]",
,Abomasnow,abomasnow,,"[""Grass"",""Ice""]",abomasnow,complete,True,"[""gen8""]",
,Abra,abra,,"[""Psychic""]",abra,complete,True,"[""gen8""]",
,Absol,absol,,"[""Dark""]",absol,complete,True,"[""gen8""]",
,Accelgor,accelgor,,"[""Bug""]",accelgor,complete,True,"[""gen8""]",
,Aegislash,aegislash,,"[""Steel"",""Ghost""]",aegislash,complete,True,"[""gen8""]",
,Aerodactyl,aerodactyl,,"[""Rock"",""Flying""]",aerodactyl,complete,True,"[""gen8""]",
,Aggron,aggron,,"[""Steel"",""Rock""]",aggron,complete,True,"[""gen8""]",
,Aipom,aipom,,"[""Normal""]",aipom,complete,True,"[""gen8""]",
,Alakazam,alakazam,,"[""Psychic""]",alakazam,complete,True,"[""gen8""]",
,Alcremie,alcremie,,"[""Fairy""]",alcremie,complete,True,"[""gen8""]",
,Alomomola,alomomola,,"[""Water""]",alomomola,complete,True,"[""gen8""]",
,Altaria,altaria,,"[""Dragon"",""Flying""]",altaria,complete,True,"[""gen8""]",
,Amaura,amaura,,"[""Rock"",""Ice""]",amaura,complete,True,"[""gen8""]",
,Ambipom,ambipom,,"[""Normal""]",ambipom,complete,True,"[""gen8""]",
,Amoonguss,amoonguss,,"[""Grass"",""Poison""]",amoonguss,complete,True,"[""gen8""]",
,Ampharos,ampharos,,"[""Electric""]",ampharos,complete,True,"[""gen8""]",
,Anorith,anorith,,"[""Rock"",""Bug""]",anorith,complete,True,"[""gen8""]",
,Appletun,appletun,,"[""Grass"",""Dragon""]",appletun,complete,True,"[""gen8""]",
,Applin,applin,,"[""Grass"",""Dragon""]",applin,complete,True,"[""gen8""]",
,Araquanid,araquanid,,"[""Water"",""Bug""]",araquanid,complete,True,"[""gen8""]",
,Arbok,arbok,,"[""Poison""]",arbok,complete,True,"[""gen8""]",
,Arcanine,arcanine,,"[""Fire""]",arcanine,complete,True,"[""gen8""]",
,Arceus,arceus,,"[""Normal""]",arceus,complete,True,"[""gen8""]",
,Archen,archen,,"[""Rock"",""Flying""]",archen,complete,True,"[""gen8""]",
,Archeops,archeops,,"[""Rock"",""Flying""]",archeops,complete,True,"[""gen8""]",
,Arctovish,arctovish,,"[""Water"",""Ice""]",arctovish,complete,True,"[""gen8""]",
,Arctozolt,arctozolt,,"[""Electric"",""Ice""]",arctozolt,complete,True,"[""gen8""]",
,Ariados,ariados,,"[""Bug"",""Poison""]",ariados,complete,True,"[""gen8""]",
,Armaldo,armaldo,,"[""Rock"",""Bug""]",armaldo,complete,True,"[""gen8""]",
,Aromatisse,aromatisse,,"[""Fairy""]",aromatisse,complete,True,"[""gen8""]",
,Aron,aron,,"[""Steel"",""Rock""]",aron,complete,True,"[""gen8""]",
,Arrokuda,arrokuda,,"[""Water""]",arrokuda,complete,True,"[""gen8""]",
,Articuno,articuno,,"[""Ice"",""Flying""]",articuno,complete,True,"[""gen8""]",
,Audino,audino,,"[""Normal""]",audino,complete,True,"[""gen8""]",
,Aurorus,aurorus,,"[""Rock"",""Ice""]",aurorus,complete,True,"[""gen8""]",
,Avalugg,avalugg,,"[""Ice""]",avalugg,complete,True,"[""gen8""]",
,Axew,axew,,"[""Dragon""]",axew,complete,True,"[""gen8""]",
,Azelf,azelf,,"[""Psychic""]",azelf,complete,True,"[""gen8""]",
,Azumarill,azumarill,,"[""Water"",""Fairy""]",azumarill,complete,True,"[""gen8""]",
,Azurill,azurill,,"[""Normal"",""Fairy""]",azurill,complete,True,"[""gen8""]",
,Bagon,bagon,,"[""Dragon""]",bagon,complete,True,"[""gen8""]",
,Baltoy,baltoy,,"[""Ground"",""Psychic""]",baltoy,complete,True,"[""gen8""]",
,Banette,banette,,"[""Ghost""]",banette,complete,True,"[""gen8""]",
,Barbaracle,barbaracle,,"[""Rock"",""Water""]",barbaracle,complete,True,"[""gen8""]",
,Barboach,barboach,,"[""Water"",""Ground""]",barboach,complete,True,"[""gen8""]",
,Barraskewda,barraskewda,,"[""Water""]",barraskewda,complete,True,"[""gen8""]",
,Basculin,basculin,,"[""Water""]",basculin,complete,True,"[""gen8""]",
,Bastiodon,bastiodon,,"[""Rock"",""Steel""]",bastiodon,complete,True,"[""gen8""]",
,Bayleef,bayleef,,"[""Grass""]",bayleef,complete,True,"[""gen8""]",
,Beartic,beartic,,"[""Ice""]",beartic,complete,True,"[""gen8""]",
,Beautifly,beautifly,,"[""Bug"",""Flying""]",beautifly,complete,True,"[""gen8""]",
,Beedrill,beedrill,,"[""Bug"",""Poison""]",beedrill,complete,True,"[""gen8""]",
,Beheeyem,beheeyem,,"[""Psychic""]",beheeyem,complete,True,"[""gen8""]",
,Beldum,beldum,,"[""Steel"",""Psychic""]",beldum,complete,True,"[""gen8""]",
,Bellossom,bellossom,,"[""Grass""]",bellossom,complete,True,"[""gen8""]",
,Bellsprout,bellsprout,,"[""Grass"",""Poison""]",bellsprout,complete,True,"[""gen8""]",
,Bergmite,bergmite,,"[""Ice""]",bergmite,complete,True,"[""gen8""]",
,Bewear,bewear,,"[""Normal"",""Fighting""]",bewear,complete,True,"[""gen8""]",
,Bibarel,bibarel,,"[""Normal"",""Water""]",bibarel,complete,True,"[""gen8""]",
,Bidoof,bidoof,,"[""Normal""]",bidoof,complete,True,"[""gen8""]",
,Binacle,binacle,,"[""Rock"",""Water""]",binacle,complete,True,"[""gen8""]",
,Bisharp,bisharp,,"[""Dark"",""Steel""]",bisharp,complete,True,"[""gen8""]",
,Blacephalon,blacephalon,,"[""Fire"",""Ghost""]",blacephalon,complete,True,"[""gen8""]",
,Blastoise,blastoise,,"[""Water""]",blastoise,complete,True,"[""gen8""]",
,Blaziken,blaziken,,"[""Fire"",""Fighting""]",blaziken,complete,True,"[""gen8""]",
,Blipbug,blipbug,,"[""Bug""]",blipbug,complete,True,"[""gen8""]",
,Blissey,blissey,,"[""Normal""]",blissey,complete,True,"[""gen8""]",
,Blitzle,blitzle,,"[""Electric""]",blitzle,complete,True,"[""gen8""]",
,Boldore,boldore,,"[""Rock""]",boldore,complete,True,"[""gen8""]",
,Boltund,boltund,,"[""Electric""]",boltund,complete,True,"[""gen8""]",
,Bonsly,bonsly,,"[""Rock""]",bonsly,complete,True,"[""gen8""]",
,Bouffalant,bouffalant,,"[""Normal""]",bouffalant,complete,True,"[""gen8""]",
,Bounsweet,bounsweet,,"[""Grass""]",bounsweet,complete,True,"[""gen8""]",
,Braixen,braixen,,"[""Fire""]",braixen,complete,True,"[""gen8""]",
,Braviary,braviary,,"[""Normal"",""Flying""]",braviary,complete,True,"[""gen8""]",
,Breloom,breloom,,"[""Grass"",""Fighting""]",breloom,complete,True,"[""gen8""]",
,Brionne,brionne,,"[""Water""]",brionne,complete,True,"[""gen8""]",
,Bronzong,bronzong,,"[""Steel"",""Psychic""]",bronzong,complete,True,"[""gen8""]",
,Bronzor,bronzor,,"[""Steel"",""Psychic""]",bronzor,complete,True,"[""gen8""]",
,Browt,browt,10,"[""Grass""]",browt,external_stub,False,"[""pokemon_winds_waves"",""bulbapedia_natdex_2026""]",unassigned_announced_species
,Bruxish,bruxish,,"[""Water"",""Psychic""]",bruxish,complete,True,"[""gen8""]",
,Budew,budew,,"[""Grass"",""Poison""]",budew,complete,True,"[""gen8""]",
,Buizel,buizel,,"[""Water""]",buizel,complete,True,"[""gen8""]",
,Bulbasaur,bulbasaur,,"[""Grass"",""Poison""]",bulbasaur,complete,True,"[""gen8""]",
,Buneary,buneary,,"[""Normal""]",buneary,complete,True,"[""gen8""]",
,Bunnelby,bunnelby,,"[""Normal""]",bunnelby,complete,True,"[""gen8""]",
,Burmy,burmy,,"[""Bug""]",burmy,complete,True,"[""gen8""]",
,Butterfree,butterfree,,"[""Bug"",""Flying""]",butterfree,complete,True,"[""gen8""]",
,Buzzwole,buzzwole,,"[""Bug"",""Fighting""]",buzzwole,complete,True,"[""gen8""]",
,CORSOLA Galar,corsolagalar,,"[""Ghost""]",corsola-galar,complete,True,"[""gen8""]",
,Cacnea,cacnea,,"[""Grass""]",cacnea,complete,True,"[""gen8""]",
,Cacturne,cacturne,,"[""Grass"",""Dark""]",cacturne,complete,True,"[""gen8""]",
,Camerupt,camerupt,,"[""Fire"",""Ground""]",camerupt,complete,True,"[""gen8""]",
,Carbink,carbink,,"[""Rock"",""Fairy""]",carbink,complete,True,"[""gen8""]",
,Carkol,carkol,,"[""Rock"",""Fire""]",carkol,complete,True,"[""gen8""]",
,Carnivine,carnivine,,"[""Grass""]",carnivine,complete,True,"[""gen8""]",
,Carracosta,carracosta,,"[""Rock"",""Water""]",carracosta,complete,True,"[""gen8""]",
,Carvanha,carvanha,,"[""Water"",""Dark""]",carvanha,complete,True,"[""gen8""]",
,Cascoon,cascoon,,"[""Bug""]",cascoon,complete,True,"[""gen8""]",
,Castform,castform,,"[""Normal""]",castform,complete,True,"[""gen8""]",
,Caterpie,caterpie,,"[""Bug""]",caterpie,complete,True,"[""gen8""]",
,Celebi,celebi,,"[""Psychic"",""Grass""]",celebi,complete,True,"[""gen8""]",
,Celesteela,celesteela,,"[""Steel"",""Flying""]",celesteela,complete,True,"[""gen8""]",
,Centiskorch,centiskorch,,"[""Fire"",""Bug""]",centiskorch,complete,True,"[""gen8""]",
,Chandelure,chandelure,,"[""Ghost"",""Fire""]",chandelure,complete,True,"[""gen8""]",
,Chansey,chansey,,"[""Normal""]",chansey,complete,True,"[""gen8""]",
,Charizard,charizard,,"[""Fire"",""Flying""]",charizard,complete,True,"[""gen8""]",
,Charjabug,charjabug,,"[""Bug"",""Electric""]",charjabug,complete,True,"[""gen8""]",
,Charmander,charmander,,"[""Fire""]",charmander,complete,True,"[""gen8""]",
,Charmeleon,charmeleon,,"[""Fire""]",charmeleon,complete,True,"[""gen8""]",
,Chatot,chatot,,"[""Normal"",""Flying""]",chatot,complete,True,"[""gen8""]",
,Cherrim,cherrim,,"[""Grass""]",cherrim,complete,True,"[""gen8""]",
,Cherubi,cherubi,,"[""Grass""]",cherubi,complete,True,"[""gen8""]",
,Chesnaught,chesnaught,,"[""Grass"",""Fighting""]",chesnaught,complete,True,"[""gen8""]",
,Chespin,chespin,,"[""Grass""]",chespin,complete,True,"[""gen8""]",
,Chewtle,chewtle,,"[""Water""]",chewtle,complete,True,"[""gen8""]",
,Chikorita,chikorita,,"[""Grass""]",chikorita,complete,True,"[""gen8""]",
,Chimchar,chimchar,,"[""Fire""]",chimchar,complete,True,"[""gen8""]",
,Chimecho,chimecho,,"[""Psychic""]",chimecho,complete,True,"[""gen8""]",
,Chinchou,chinchou,,"[""Water"",""Electric""]",chinchou,complete,True,"[""gen8""]",
,Chingling,chingling,,"[""Psychic""]",chingling,complete,True,"[""gen8""]",
,Cinccino,cinccino,,"[""Normal""]",cinccino,complete,True,"[""gen8""]",
,Cinderace,cinderace,,"[""Fire""]",cinderace,complete,True,"[""gen8""]",
,Clamperl,clamperl,,"[""Water""]",clamperl,complete,True,"[""gen8""]",
,Clauncher,clauncher,,"[""Water""]",clauncher,complete,True,"[""gen8""]",
,Clawitzer,clawitzer,,"[""Water""]",clawitzer,complete,True,"[""gen8""]",
,Claydol,claydol,,"[""Ground"",""Psychic""]",claydol,complete,True,"[""gen8""]",
,Clefable,clefable,,"[""Fairy""]",clefable,complete,True,"[""gen8""]",
,Clefairy,clefairy,,"[""Fairy""]",clefairy,complete,True,"[""gen8""]",
,Cleffa,cleffa,,"[""Fairy""]",cleffa,complete,True,"[""gen8""]",
,Clobbopus,clobbopus,,"[""Fighting""]",clobbopus,complete,True,"[""gen8""]",
,Cloyster,cloyster,,"[""Water"",""Ice""]",cloyster,complete,True,"[""gen8""]",
,Coalossal,coalossal,,"[""Rock"",""Fire""]",coalossal,complete,True,"[""gen8""]",
,Cobalion,cobalion,,"[""Steel"",""Fighting""]",cobalion,complete,True,"[""gen8""]",
,Cofagrigus,cofagrigus,,"[""Ghost""]",cofagrigus,complete,True,"[""gen8""]",
,Combee,combee,,"[""Bug"",""Flying""]",combee,complete,True,"[""gen8""]",
,Combusken,combusken,,"[""Fire"",""Fighting""]",combusken,complete,True,"[""gen8""]",
,Comfey,comfey,,"[""Fairy""]",comfey,complete,True,"[""gen8""]",
,Conkeldurr,conkeldurr,,"[""Fighting""]",conkeldurr,complete,True,"[""gen8""]",
,Copperajah,copperajah,,"[""Steel""]",copperajah,complete,True,"[""gen8""]",
,Corphish,corphish,,"[""Water""]",corphish,complete,True,"[""gen8""]",
,Corsola,corsola,,"[""Water"",""Rock""]",corsola,complete,True,"[""gen8""]",
,Corviknight,corviknight,,"[""Flying"",""Steel""]",corviknight,complete,True,"[""gen8""]",
,Corvisquire,corvisquire,,"[""Flying""]",corvisquire,complete,True,"[""gen8""]",
,Cosmoem,cosmoem,,"[""Psychic""]",cosmoem,complete,True,"[""gen8""]",
,Cosmog,cosmog,,"[""Psychic""]",cosmog,complete,True,"[""gen8""]",
,Cottonee,cottonee,,"[""Grass"",""Fairy""]",cottonee,complete,True,"[""gen8""]",
,Crabominable,crabominable,,"[""Fighting"",""Ice""]",crabominable,complete,True,"[""gen8""]",
,Crabrawler,crabrawler,,"[""Fighting""]",crabrawler,complete,True,"[""gen8""]",
,Cradily,cradily,,"[""Rock"",""Grass""]",cradily,complete,True,"[""gen8""]",
,Cramorant,cramorant,,"[""Flying"",""Water""]",cramorant,complete,True,"[""gen8""]",
,Cranidos,cranidos,,"[""Rock""]",cranidos,complete,True,"[""gen8""]",
,Crawdaunt,crawdaunt,,"[""Water"",""Dark""]",crawdaunt,complete,True,"[""gen8""]",
,Cresselia,cresselia,,"[""Psychic""]",cresselia,complete,True,"[""gen8""]",
,Croagunk,croagunk,,"[""Poison"",""Fighting""]",croagunk,complete,True,"[""gen8""]",
,Crobat,crobat,,"[""Poison"",""Flying""]",crobat,complete,True,"[""gen8""]",
,Croconaw,croconaw,,"[""Water""]",croconaw,complete,True,"[""gen8""]",
,Crustle,crustle,,"[""Bug"",""Rock""]",crustle,complete,True,"[""gen8""]",
,Cryogonal,cryogonal,,"[""Ice""]",cryogonal,complete,True,"[""gen8""]",
,Cubchoo,cubchoo,,"[""Ice""]",cubchoo,complete,True,"[""gen8""]",
,Cubone,cubone,,"[""Ground""]",cubone,complete,True,"[""gen8""]",
,Cufant,cufant,,"[""Steel""]",cufant,complete,True,"[""gen8""]",
,Cursola,cursola,,"[""Ghost""]",cursola,complete,True,"[""gen8""]",
,Cutiefly,cutiefly,,"[""Bug"",""Fairy""]",cutiefly,complete,True,"[""gen8""]",
,Cyndaquil,cyndaquil,,"[""Fire""]",cyndaquil,complete,True,"[""gen8""]",
,"DARMANITAN Galar, Standard Mode",darmanitangalarstandardmode,,"[""Ice""]",darmanitan-galar-standard-mode,complete,True,"[""gen8""]",
,"DARMANITAN Galar, Zen Mode",darmanitangalarzenmode,,"[""Ice"",""Fire""]",darmanitan-galar-zen-mode,complete,True,"[""gen8""]",
,DARMANITAN Standard Mode,darmanitanstandardmode,,"[""Fire""]",darmanitan-standard-mode,complete,True,"[""gen8""]",
,DARMANITAN Zen Mode,darmanitanzenmode,,"[""Fire"",""Psychic""]",darmanitan-zen-mode,complete,True,"[""gen8""]",
,DARUMAKA Galar,darumakagalar,,"[""Ice""]",darumaka-galar,complete,True,"[""gen8""]",
,DEOXYS Attack Forme,deoxysattackforme,,"[""Psychic""]",deoxys-attack-forme,complete,True,"[""gen8""]",
,DEOXYS Defense Forme,deoxysdefenseforme,,"[""Psychic""]",deoxys-defense-forme,complete,True,"[""gen8""]",
,DEOXYS Normal Forme,deoxysnormalforme,,"[""Psychic""]",deoxys-normal-forme,complete,True,"[""gen8""]",
,DEOXYS Speed Forme,deoxysspeedforme,,"[""Psychic""]",deoxys-speed-forme,complete,True,"[""gen8""]",
,DIGLETT Alola,diglettalola,,"[""Ground"",""Steel""]",diglett-alola,complete,True,"[""gen8""]",
,DUGTRIO Alola,dugtrioalola,,"[""Ground"",""Steel""]",dugtrio-alola,complete,True,"[""gen8""]",
,Darkrai,darkrai,,"[""Dark""]",darkrai,complete,True,"[""gen8""]",
,Dartrix,dartrix,,"[""Grass"",""Flying""]",dartrix,complete,True,"[""gen8""]",
,Darumaka,darumaka,,"[""Fire""]",darumaka,complete,True,"[""gen8""]",
,Decidueye,decidueye,,"[""Grass"",""Ghost""]",decidueye,complete,True,"[""gen8""]",
,Dedenne,dedenne,,"[""Electric"",""Fairy""]",dedenne,complete,True,"[""gen8""]",
,Deerling,deerling,,"[""Normal"",""Grass""]",deerling,complete,True,"[""gen8""]",
,Deino,deino,,"[""Dark"",""Dragon""]",deino,complete,True,"[""gen8""]",
,Delcatty,delcatty,,"[""Normal""]",delcatty,complete,True,"[""gen8""]",
,Delibird,delibird,,"[""Ice"",""Flying""]",delibird,complete,True,"[""gen8""]",
,Delphox,delphox,,"[""Fire"",""Psychic""]",delphox,complete,True,"[""gen8""]",
,Dewgong,dewgong,,"[""Water"",""Ice""]",dewgong,complete,True,"[""gen8""]",
,Dewott,dewott,,"[""Water""]",dewott,complete,True,"[""gen8""]",
,Dewpider,dewpider,,"[""Water"",""Bug""]",dewpider,complete,True,"[""gen8""]",
,Dhelmise,dhelmise,,"[""Ghost"",""Grass""]",dhelmise,complete,True,"[""gen8""]",
,Dialga,dialga,,"[""Steel"",""Dragon""]",dialga,complete,True,"[""gen8""]",
,Diancie,diancie,,"[""Rock"",""Fairy""]",diancie,complete,True,"[""gen8""]",
,Diggersby,diggersby,,"[""Normal"",""Ground""]",diggersby,complete,True,"[""gen8""]",
,Diglett,diglett,,"[""Ground""]",diglett,complete,True,"[""gen8""]",
,Ditto,ditto,,"[""Normal""]",ditto,complete,True,"[""gen8""]",
,Dodrio,dodrio,,"[""Normal"",""Flying""]",dodrio,complete,True,"[""gen8""]",
,Doduo,doduo,,"[""Normal"",""Flying""]",doduo,complete,True,"[""gen8""]",
,Donphan,donphan,,"[""Ground""]",donphan,complete,True,"[""gen8""]",
,Dottler,dottler,,"[""Bug"",""Psychic""]",dottler,complete,True,"[""gen8""]",
,Doublade,doublade,,"[""Steel"",""Ghost""]",doublade,complete,True,"[""gen8""]",
,Dracovish,dracovish,,"[""Water"",""Dragon""]",dracovish,complete,True,"[""gen8""]",
,Dracozolt,dracozolt,,"[""Electric"",""Dragon""]",dracozolt,complete,True,"[""gen8""]",
,Dragalge,dragalge,,"[""Poison"",""Dragon""]",dragalge,complete,True,"[""gen8""]",
,Dragapult,dragapult,,"[""Dragon"",""Ghost""]",dragapult,complete,True,"[""gen8""]",
,Dragonair,dragonair,,"[""Dragon""]",dragonair,complete,True,"[""gen8""]",
,Dragonite,dragonite,,"[""Dragon"",""Flying""]",dragonite,complete,True,"[""gen8""]",
,Drakloak,drakloak,,"[""Dragon"",""Ghost""]",drakloak,complete,True,"[""gen8""]",
,Drampa,drampa,,"[""Normal"",""Dragon""]",drampa,complete,True,"[""gen8""]",
,Drapion,drapion,,"[""Poison"",""Dark""]",drapion,complete,True,"[""gen8""]",
,Dratini,dratini,,"[""Dragon""]",dratini,complete,True,"[""gen8""]",
,Drednaw,drednaw,,"[""Water"",""Rock""]",drednaw,complete,True,"[""gen8""]",
,Dreepy,dreepy,,"[""Dragon"",""Ghost""]",dreepy,complete,True,"[""gen8""]",
,Drifblim,drifblim,,"[""Ghost"",""Flying""]",drifblim,complete,True,"[""gen8""]",
,Drifloon,drifloon,,"[""Ghost"",""Flying""]",drifloon,complete,True,"[""gen8""]",
,Drilbur,drilbur,,"[""Ground""]",drilbur,complete,True,"[""gen8""]",
,Drizzile,drizzile,,"[""Water""]",drizzile,complete,True,"[""gen8""]",
,Drowzee,drowzee,,"[""Psychic""]",drowzee,complete,True,"[""gen8""]",
,Druddigon,druddigon,,"[""Dragon""]",druddigon,complete,True,"[""gen8""]",
,Dubwool,dubwool,,"[""Normal""]",dubwool,complete,True,"[""gen8""]",
,Ducklett,ducklett,,"[""Water"",""Flying""]",ducklett,complete,True,"[""gen8""]",
,Dugtrio,dugtrio,,"[""Ground""]",dugtrio,complete,True,"[""gen8""]",
,Dunsparce,dunsparce,,"[""Normal""]",dunsparce,complete,True,"[""gen8""]",
,Duosion,duosion,,"[""Psychic""]",duosion,complete,True,"[""gen8""]",
,Duraludon,duraludon,,"[""Steel"",""Dragon""]",duraludon,complete,True,"[""gen8""]",
,Durant,durant,,"[""Bug"",""Steel""]",durant,complete,True,"[""gen8""]",
,Dusclops,dusclops,,"[""Ghost""]",dusclops,complete,True,"[""gen8""]",
,Dusknoir,dusknoir,,"[""Ghost""]",dusknoir,complete,True,"[""gen8""]",
,Duskull,duskull,,"[""Ghost""]",duskull,complete,True,"[""gen8""]",
,Dustox,dustox,,"[""Bug"",""Poison""]",dustox,complete,True,"[""gen8""]",
,Dwebble,dwebble,,"[""Bug"",""Rock""]",dwebble,complete,True,"[""gen8""]",
,EISCUE Ice Face,eiscueiceface,,"[""Ice""]",eiscue-ice-face,complete,True,"[""gen8""]",
,EISCUE Noice Face,eiscuenoiceface,,"[""Ice""]",eiscue-noice-face,complete,True,"[""gen8""]",
,EXEGGUTOR Alola,exeggutoralola,,"[""Grass"",""Dragon""]",exeggutor-alola,complete,True,"[""gen8""]",
,Eelektrik,eelektrik,,"[""Electric""]",eelektrik,complete,True,"[""gen8""]",
,Eelektross,eelektross,,"[""Electric""]",eelektross,complete,True,"[""gen8""]",
,Eevee,eevee,,"[""Normal""]",eevee,complete,True,"[""gen8""]",
,Ekans,ekans,,"[""Poison""]",ekans,complete,True,"[""gen8""]",
,Eldegoss,eldegoss,,"[""Grass""]",eldegoss,complete,True,"[""gen8""]",
,Electabuzz,electabuzz,,"[""Electric""]",electabuzz,complete,True,"[""gen8""]",
,Electivire,electivire,,"[""Electric""]",electivire,complete,True,"[""gen8""]",
,Electrike,electrike,,"[""Electric""]",electrike,complete,True,"[""gen8""]",
,Electrode,electrode,,"[""Electric""]",electrode,complete,True,"[""gen8""]",
,Elekid,elekid,,"[""Electric""]",elekid,complete,True,"[""gen8""]",
,Elgyem,elgyem,,"[""Psychic""]",elgyem,complete,True,"[""gen8""]",
,Emboar,emboar,,"[""Fire"",""Fighting""]",emboar,complete,True,"[""gen8""]",
,Emolga,emolga,,"[""Electric"",""Flying""]",emolga,complete,True,"[""gen8""]",
,Empoleon,empoleon,,"[""Water"",""Steel""]",empoleon,complete,True,"[""gen8""]",
,Entei,entei,,"[""Fire""]",entei,complete,True,"[""gen8""]",
,Escavalier,escavalier,,"[""Bug"",""Steel""]",escavalier,complete,True,"[""gen8""]",
,Espeon,espeon,,"[""Psychic""]",espeon,complete,True,"[""gen8""]",
,Espurr,espurr,,"[""Psychic""]",espurr,complete,True,"[""gen8""]",
,Eternatus,eternatus,,"[""Poison"",""Dragon""]",eternatus,complete,True,"[""gen8""]",
,Excadrill,excadrill,,"[""Ground"",""Steel""]",excadrill,complete,True,"[""gen8""]",
,Exeggcute,exeggcute,,"[""Grass"",""Psychic""]",exeggcute,complete,True,"[""gen8""]",
,Exeggutor,exeggutor,,"[""Grass"",""Psychic""]",exeggutor,complete,True,"[""gen8""]",
,Exploud,exploud,,"[""Normal""]",exploud,complete,True,"[""gen8""]",
,FARFETCH’D Galar,farfetchdgalar,,"[""Fighting""]",farfetchd-galar,complete,True,"[""gen8""]",
,FLABÉBÉ,flabebe,,"[""Fairy""]",flabebe,complete,True,"[""gen8""]",
,Falinks,falinks,,"[""Fighting""]",falinks,complete,True,"[""gen8""]",
,Farfetch’D,farfetchd,,"[""Normal"",""Flying""]",farfetchd,complete,True,"[""gen8""]",
,Fearow,fearow,,"[""Normal"",""Flying""]",fearow,complete,True,"[""gen8""]",
,Feebas,feebas,,"[""Water""]",feebas,complete,True,"[""gen8""]",
,Fennekin,fennekin,,"[""Fire""]",fennekin,complete,True,"[""gen8""]",
,Feraligatr,feraligatr,,"[""Water""]",feraligatr,complete,True,"[""gen8""]",
,Ferroseed,ferroseed,,"[""Grass"",""Steel""]",ferroseed,complete,True,"[""gen8""]",
,Ferrothorn,ferrothorn,,"[""Grass"",""Steel""]",ferrothorn,complete,True,"[""gen8""]",
,Finneon,finneon,,"[""Water""]",finneon,complete,True,"[""gen8""]",
,Flaaffy,flaaffy,,"[""Electric""]",flaaffy,complete,True,"[""gen8""]",
,Flapple,flapple,,"[""Grass"",""Dragon""]",flapple,complete,True,"[""gen8""]",
,Flareon,flareon,,"[""Fire""]",flareon,complete,True,"[""gen8""]",
,Fletchinder,fletchinder,,"[""Fire"",""Flying""]",fletchinder,complete,True,"[""gen8""]",
,Fletchling,fletchling,,"[""Normal"",""Flying""]",fletchling,complete,True,"[""gen8""]",
,Floatzel,floatzel,,"[""Water""]",floatzel,complete,True,"[""gen8""]",
,Floette,floette,,"[""Fairy""]",floette,complete,True,"[""gen8""]",
,Florges,florges,,"[""Fairy""]",florges,complete,True,"[""gen8""]",
,Flygon,flygon,,"[""Ground"",""Dragon""]",flygon,complete,True,"[""gen8""]",
,Fomantis,fomantis,,"[""Grass""]",fomantis,complete,True,"[""gen8""]",
,Foongus,foongus,,"[""Grass"",""Poison""]",foongus,complete,True,"[""gen8""]",
,Forretress,forretress,,"[""Bug"",""Steel""]",forretress,complete,True,"[""gen8""]",
,Fraxure,fraxure,,"[""Dragon""]",fraxure,complete,True,"[""gen8""]",
,Frillish,frillish,,"[""Water"",""Ghost""]",frillish,complete,True,"[""gen8""]",
,Froakie,froakie,,"[""Water""]",froakie,complete,True,"[""gen8""]",
,Frogadier,frogadier,,"[""Water""]",frogadier,complete,True,"[""gen8""]",
,Froslass,froslass,,"[""Ice"",""Ghost""]",froslass,complete,True,"[""gen8""]",
,Frosmoth,frosmoth,,"[""Ice"",""Bug""]",frosmoth,complete,True,"[""gen8""]",
,Furfrou,furfrou,,"[""Normal""]",furfrou,complete,True,"[""gen8""]",
,Furret,furret,,"[""Normal""]",furret,complete,True,"[""gen8""]",
,GEODUDE Alola,geodudealola,,"[""Rock"",""Electric""]",geodude-alola,complete,True,"[""gen8""]",
,GIRATINA Altered Forme,giratinaalteredforme,,"[""Ghost"",""Dragon""]",giratina-altered-forme,complete,True,"[""gen8""]",
,GIRATINA Origin Forme,giratinaoriginforme,,"[""Ghost"",""Dragon""]",giratina-origin-forme,complete,True,"[""gen8""]",
,GOLEM Alola,golemalola,,"[""Rock"",""Electric""]",golem-alola,complete,True,"[""gen8""]",
,GRAVELER Alola,graveleralola,,"[""Rock"",""Electric""]",graveler-alola,complete,True,"[""gen8""]",
,GRIMER Alola,grimeralola,,"[""Poison"",""Dark""]",grimer-alola,complete,True,"[""gen8""]",
,Gabite,gabite,,"[""Dragon"",""Ground""]",gabite,complete,True,"[""gen8""]",
,Gallade,gallade,,"[""Psychic"",""Fighting""]",gallade,complete,True,"[""gen8""]",
,Galvantula,galvantula,,"[""Bug"",""Electric""]",galvantula,complete,True,"[""gen8""]",
,Garbodor,garbodor,,"[""Poison""]",garbodor,complete,True,"[""gen8""]",
,Garchomp,garchomp,,"[""Dragon"",""Ground""]",garchomp,complete,True,"[""gen8""]",
,Gardevoir,gardevoir,,"[""Psychic"",""Fairy""]",gardevoir,complete,True,"[""gen8""]",
,Gastly,gastly,,"[""Ghost"",""Poison""]",gastly,complete,True,"[""gen8""]",
,Gastrodon,gastrodon,,"[""Water"",""Ground""]",gastrodon,complete,True,"[""gen8""]",
,Gecqua,gecqua,10,"[""Water""]",gecqua,external_stub,False,"[""pokemon_winds_waves"",""bulbapedia_natdex_2026""]",unassigned_announced_species
,Genesect,genesect,,"[""Bug"",""Steel""]",genesect,complete,True,"[""gen8""]",
,Gengar,gengar,,"[""Ghost"",""Poison""]",gengar,complete,True,"[""gen8""]",
,Geodude,geodude,,"[""Rock"",""Ground""]",geodude,complete,True,"[""gen8""]",
,Gible,gible,,"[""Dragon"",""Ground""]",gible,complete,True,"[""gen8""]",
,Gigalith,gigalith,,"[""Rock""]",gigalith,complete,True,"[""gen8""]",
,Girafarig,girafarig,,"[""Normal"",""Psychic""]",girafarig,complete,True,"[""gen8""]",
,Glaceon,glaceon,,"[""Ice""]",glaceon,complete,True,"[""gen8""]",
,Glalie,glalie,,"[""Ice""]",glalie,complete,True,"[""gen8""]",
,Glameow,glameow,,"[""Normal""]",glameow,complete,True,"[""gen8""]",
,Gligar,gligar,,"[""Ground"",""Flying""]",gligar,complete,True,"[""gen8""]",
,Gliscor,gliscor,,"[""Ground"",""Flying""]",gliscor,complete,True,"[""gen8""]",
,Gloom,gloom,,"[""Grass"",""Poison""]",gloom,complete,True,"[""gen8""]",
,Gogoat,gogoat,,"[""Grass""]",gogoat,complete,True,"[""gen8""]",
,Golbat,golbat,,"[""Poison"",""Flying""]",golbat,complete,True,"[""gen8""]",
,Goldeen,goldeen,,"[""Water""]",goldeen,complete,True,"[""gen8""]",
,Golduck,golduck,,"[""Water""]",golduck,complete,True,"[""gen8""]",
,Golem,golem,,"[""Rock"",""Ground""]",golem,complete,True,"[""gen8""]",
,Golett,golett,,"[""Ground"",""Ghost""]",golett,complete,True,"[""gen8""]",
,Golisopod,golisopod,,"[""Bug"",""Water""]",golisopod,complete,True,"[""gen8""]",
,Golurk,golurk,,"[""Ground"",""Ghost""]",golurk,complete,True,"[""gen8""]",
,Goodra,goodra,,"[""Dragon""]",goodra,complete,True,"[""gen8""]",
,Goomy,goomy,,"[""Dragon""]",goomy,complete,True,"[""gen8""]",
,Gorebyss,gorebyss,,"[""Water""]",gorebyss,complete,True,"[""gen8""]",
,Gossifleur,gossifleur,,"[""Grass""]",gossifleur,complete,True,"[""gen8""]",
,Gothita,gothita,,"[""Psychic""]",gothita,complete,True,"[""gen8""]",
,Gothitelle,gothitelle,,"[""Psychic""]",gothitelle,complete,True,"[""gen8""]",
,Gothorita,gothorita,,"[""Psychic""]",gothorita,complete,True,"[""gen8""]",
,Gourgeist,gourgeist,,"[""Ghost"",""Grass""]",gourgeist,complete,True,"[""gen8""]",
,Granbull,granbull,,"[""Fairy""]",granbull,complete,True,"[""gen8""]",
,Grapploct,grapploct,,"[""Fighting""]",grapploct,complete,True,"[""gen8""]",
,Graveler,graveler,,"[""Rock"",""Ground""]",graveler,complete,True,"[""gen8""]",
,Greedent,greedent,,"[""Normal""]",greedent,complete,True,"[""gen8""]",
,Greninja,greninja,,"[""Water"",""Dark""]",greninja,complete,True,"[""gen8""]",
,Grimer,grimer,,"[""Poison""]",grimer,complete,True,"[""gen8""]",
,Grimmsnarl,grimmsnarl,,"[""Dark"",""Fairy""]",grimmsnarl,complete,True,"[""gen8""]",
,Grookey,grookey,,"[""Grass""]",grookey,complete,True,"[""gen8""]",
,Grotle,grotle,,"[""Grass""]",grotle,complete,True,"[""gen8""]",
,Groudon,groudon,,"[""Ground""]",groudon,complete,True,"[""gen8""]",
,Grovyle,grovyle,,"[""Grass""]",grovyle,complete,True,"[""gen8""]",
,Growlithe,growlithe,,"[""Fire""]",growlithe,complete,True,"[""gen8""]",
,Grubbin,grubbin,,"[""Bug""]",grubbin,complete,True,"[""gen8""]",
,Grumpig,grumpig,,"[""Psychic""]",grumpig,complete,True,"[""gen8""]",
,Gulpin,gulpin,,"[""Poison""]",gulpin,complete,True,"[""gen8""]",
,Gumshoos,gumshoos,,"[""Normal""]",gumshoos,complete,True,"[""gen8""]",
,Gurdurr,gurdurr,,"[""Fighting""]",gurdurr,complete,True,"[""gen8""]",
,Guzzlord,guzzlord,,"[""Dark"",""Dragon""]",guzzlord,complete,True,"[""gen8""]",
,Gyarados,gyarados,,"[""Water"",""Flying""]",gyarados,complete,True,"[""gen8""]",
,HOOPA Confined,hoopaconfined,,"[""Psychic"",""Ghost""]",hoopa-confined,complete,True,"[""gen8""]",
,HOOPA Unbound,hoopaunbound,,"[""Psychic"",""Dark""]",hoopa-unbound,complete,True,"[""gen8""]",
,Hakamo-O,hakamoo,,"[""Dragon"",""Fighting""]",hakamo-o,complete,True,"[""gen8""]",
,Happiny,happiny,,"[""Normal""]",happiny,complete,True,"[""gen8""]",
,Hariyama,hariyama,,"[""Fighting""]",hariyama,complete,True,"[""gen8""]",
,Hatenna,hatenna,,"[""Psychic""]",hatenna,complete,True,"[""gen8""]",
,Hatterene,hatterene,,"[""Psychic"",""Fairy""]",hatterene,complete,True,"[""gen8""]",
,Hattrem,hattrem,,"[""Psychic""]",hattrem,complete,True,"[""gen8""]",
,Haunter,haunter,,"[""Ghost"",""Poison""]",haunter,complete,True,"[""gen8""]",
,Hawlucha,hawlucha,,"[""Fighting"",""Flying""]",hawlucha,complete,True,"[""gen8""]",
,Haxorus,haxorus,,"[""Dragon""]",haxorus,complete,True,"[""gen8""]",
,Heatmor,heatmor,,"[""Fire""]",heatmor,complete,True,"[""gen8""]",
,Heatran,heatran,,"[""Fire"",""Steel""]",heatran,complete,True,"[""gen8""]",
,Heliolisk,heliolisk,,"[""Electric"",""Normal""]",heliolisk,complete,True,"[""gen8""]",
,Helioptile,helioptile,,"[""Electric"",""Normal""]",helioptile,complete,True,"[""gen8""]",
,Heracross,heracross,,"[""Bug"",""Fighting""]",heracross,complete,True,"[""gen8""]",
,Herdier,herdier,,"[""Normal""]",herdier,complete,True,"[""gen8""]",
,Hippopotas,hippopotas,,"[""Ground""]",hippopotas,complete,True,"[""gen8""]",
,Hippowdon,hippowdon,,"[""Ground""]",hippowdon,complete,True,"[""gen8""]",
,Hitmonchan,hitmonchan,,"[""Fighting""]",hitmonchan,complete,True,"[""gen8""]",
,Hitmonlee,hitmonlee,,"[""Fighting""]",hitmonlee,complete,True,"[""gen8""]",
,Hitmontop,hitmontop,,"[""Fighting""]",hitmontop,complete,True,"[""gen8""]",
,Ho-Oh,hooh,,"[""Fire"",""Flying""]",ho-oh,complete,True,"[""gen8""]",
,Honchkrow,honchkrow,,"[""Dark"",""Flying""]",honchkrow,complete,True,"[""gen8""]",
,Honedge,honedge,,"[""Steel"",""Ghost""]",honedge,complete,True,"[""gen8""]",
,Hoothoot,hoothoot,,"[""Normal"",""Flying""]",hoothoot,complete,True,"[""gen8""]",
,Hoppip,hoppip,,"[""Grass"",""Flying""]",hoppip,complete,True,"[""gen8""]",
,Horsea,horsea,,"[""Water""]",horsea,complete,True,"[""gen8""]",
,Houndoom,houndoom,,"[""Dark"",""Fire""]",houndoom,complete,True,"[""gen8""]",
,Houndour,houndour,,"[""Dark"",""Fire""]",houndour,complete,True,"[""gen8""]",
,Huntail,huntail,,"[""Water""]",huntail,complete,True,"[""gen8""]",
,Hydreigon,hydreigon,,"[""Dark"",""Dragon""]",hydreigon,complete,True,"[""gen8""]",
,Hypno,hypno,,"[""Psychic""]",hypno,complete,True,"[""gen8""]",
,INDEEDEE Female,indeedeefemale,,"[""Psychic"",""Normal""]",indeedee-female,complete,True,"[""gen8""]",
,INDEEDEE Male,indeedeemale,,"[""Psychic"",""Normal""]",indeedee-male,complete,True,"[""gen8""]",
,Igglybuff,igglybuff,,"[""Normal"",""Fairy""]",igglybuff,complete,True,"[""gen8""]",
,Illumise,illumise,,"[""Bug""]",illumise,complete,True,"[""gen8""]",
,Impidimp,impidimp,,"[""Dark"",""Fairy""]",impidimp,complete,True,"[""gen8""]",
,Incineroar,incineroar,,"[""Fire"",""Dark""]",incineroar,complete,True,"[""gen8""]",
,Infernape,infernape,,"[""Fire"",""Fighting""]",infernape,complete,True,"[""gen8""]",
,Inkay,inkay,,"[""Dark"",""Psychic""]",inkay,complete,True,"[""gen8""]",
,Inteleon,inteleon,,"[""Water""]",inteleon,complete,True,"[""gen8""]",
,Ivysaur,ivysaur,,"[""Grass"",""Poison""]",ivysaur,complete,True,"[""gen8""]",
,Jangmo-O,jangmoo,,"[""Dragon""]",jangmo-o,complete,True,"[""gen8""]",
,Jellicent,jellicent,,"[""Water"",""Ghost""]",jellicent,complete,True,"[""gen8""]",
,Jigglypuff,jigglypuff,,"[""Normal"",""Fairy""]",jigglypuff,complete,True,"[""gen8""]",
,Jirachi,jirachi,,"[""Steel"",""Psychic""]",jirachi,complete,True,"[""gen8""]",
,Jolteon,jolteon,,"[""Electric""]",jolteon,complete,True,"[""gen8""]",
,Joltik,joltik,,"[""Bug"",""Electric""]",joltik,complete,True,"[""gen8""]",
,Jumpluff,jumpluff,,"[""Grass"",""Flying""]",jumpluff,complete,True,"[""gen8""]",
,Jynx,jynx,,"[""Ice"",""Psychic""]",jynx,complete,True,"[""gen8""]",
,KYUREM Black Fusion Forme,kyuremblackfusionforme,,"[""Dragon"",""Ice""]",kyurem-black-fusion-forme,complete,True,"[""gen8""]",
,KYUREM Normal Forme,kyuremnormalforme,,"[""Dragon"",""Ice""]",kyurem-normal-forme,complete,True,"[""gen8""]",
,KYUREM White Fusion Forme,kyuremwhitefusionforme,,"[""Dragon"",""Ice""]",kyurem-white-fusion-forme,complete,True,"[""gen8""]",
,Kabuto,kabuto,,"[""Rock"",""Water""]",kabuto,complete,True,"[""gen8""]",
,Kabutops,kabutops,,"[""Rock"",""Water""]",kabutops,complete,True,"[""gen8""]",
,Kadabra,kadabra,,"[""Psychic""]",kadabra,complete,True,"[""gen8""]",
,Kakuna,kakuna,,"[""Bug"",""Poison""]",kakuna,complete,True,"[""gen8""]",
,Kangaskhan,kangaskhan,,"[""Normal""]",kangaskhan,complete,True,"[""gen8""]",
,Karrablast,karrablast,,"[""Bug""]",karrablast,complete,True,"[""gen8""]",
,Kartana,kartana,,"[""Grass"",""Steel""]",kartana,complete,True,"[""gen8""]",
,Kecleon,kecleon,,"[""Normal""]",kecleon,complete,True,"[""gen8""]",
,Keldeo,keldeo,,"[""Water"",""Fighting""]",keldeo,complete,True,"[""gen8""]",
,Kingdra,kingdra,,"[""Water"",""Dragon""]",kingdra,complete,True,"[""gen8""]",
,Kingler,kingler,,"[""Water""]",kingler,complete,True,"[""gen8""]",
,Kirlia,kirlia,,"[""Psychic"",""Fairy""]",kirlia,complete,True,"[""gen8""]",
,Klang,klang,,"[""Steel""]",klang,complete,True,"[""gen8""]",
,Klefki,klefki,,"[""Steel"",""Fairy""]",klefki,complete,True,"[""gen8""]",
,Klink,klink,,"[""Steel""]",klink,complete,True,"[""gen8""]",
,Klinklang,klinklang,,"[""Steel""]",klinklang,complete,True,"[""gen8""]",
,Koffing,koffing,,"[""Poison""]",koffing,complete,True,"[""gen8""]",
,Komala,komala,,"[""Normal""]",komala,complete,True,"[""gen8""]",
,Kommo-O,kommoo,,"[""Dragon"",""Fighting""]",kommo-o,complete,True,"[""gen8""]",
,Krabby,krabby,,"[""Water""]",krabby,complete,True,"[""gen8""]",
,Kricketot,kricketot,,"[""Bug""]",kricketot,complete,True,"[""gen8""]",
,Kricketune,kricketune,,"[""Bug""]",kricketune,complete,True,"[""gen8""]",
,Krokorok,krokorok,,"[""Ground"",""Dark""]",krokorok,complete,True,"[""gen8""]",
,Krookodile,krookodile,,"[""Ground"",""Dark""]",krookodile,complete,True,"[""gen8""]",
,Kyogre,kyogre,,"[""Water""]",kyogre,complete,True,"[""gen8""]",
,LANDORUS Incarnate Forme,landorusincarnateforme,,"[""Ground"",""Flying""]",landorus-incarnate-forme,complete,True,"[""gen8""]",
,LANDORUS Therian Forme,landorustherianforme,,"[""Ground"",""Flying""]",landorus-therian-forme,complete,True,"[""gen8""]",
,LINOONE Galar,linoonegalar,,"[""Dark"",""Normal""]",linoone-galar,complete,True,"[""gen8""]",
,LYCANROC Dusk,lycanrocdusk,,"[""Rock""]",lycanroc-dusk,complete,True,"[""gen8""]",
,LYCANROC Midday,lycanrocmidday,,"[""Rock""]",lycanroc-midday,complete,True,"[""gen8""]",
,LYCANROC Midnight,lycanrocmidnight,,"[""Rock""]",lycanroc-midnight,complete,True,"[""gen8""]",
,Lairon,lairon,,"[""Steel"",""Rock""]",lairon,complete,True,"[""gen8""]",
,Lampent,lampent,,"[""Ghost"",""Fire""]",lampent,complete,True,"[""gen8""]",
,Lanturn,lanturn,,"[""Water"",""Electric""]",lanturn,complete,True,"[""gen8""]",
,Lapras,lapras,,"[""Water"",""Ice""]",lapras,complete,True,"[""gen8""]",
,Larvesta,larvesta,,"[""Bug"",""Fire""]",larvesta,complete,True,"[""gen8""]",
,Larvitar,larvitar,,"[""Rock"",""Ground""]",larvitar,complete,True,"[""gen8""]",
,Latias,latias,,"[""Dragon"",""Psychic""]",latias,complete,True,"[""gen8""]",
,Latios,latios,,"[""Dragon"",""Psychic""]",latios,complete,True,"[""gen8""]",
,Leafeon,leafeon,,"[""Grass""]",leafeon,complete,True,"[""gen8""]",
,Leavanny,leavanny,,"[""Bug"",""Grass""]",leavanny,complete,True,"[""gen8""]",
,Ledian,ledian,,"[""Bug"",""Flying""]",ledian,complete,True,"[""gen8""]",
,Ledyba,ledyba,,"[""Bug"",""Flying""]",ledyba,complete,True,"[""gen8""]",
,Lickilicky,lickilicky,,"[""Normal""]",lickilicky,complete,True,"[""gen8""]",
,Lickitung,lickitung,,"[""Normal""]",lickitung,complete,True,"[""gen8""]",
,Liepard,liepard,,"[""Dark""]",liepard,complete,True,"[""gen8""]",
,Lileep,lileep,,"[""Rock"",""Grass""]",lileep,complete,True,"[""gen8""]",
,Lilligant,lilligant,,"[""Grass""]",lilligant,complete,True,"[""gen8""]",
,Lillipup,lillipup,,"[""Normal""]",lillipup,complete,True,"[""gen8""]",
,Linoone,linoone,,"[""Normal""]",linoone,complete,True,"[""gen8""]",
,Litleo,litleo,,"[""Fire"",""Normal""]",litleo,complete,True,"[""gen8""]",
,Litten,litten,,"[""Fire""]",litten,complete,True,"[""gen8""]",
,Litwick,litwick,,"[""Ghost"",""Fire""]",litwick,complete,True,"[""gen8""]",
,Lombre,lombre,,"[""Water"",""Grass""]",lombre,complete,True,"[""gen8""]",
,Lopunny,lopunny,,"[""Normal""]",lopunny,complete,True,"[""gen8""]",
,Lotad,lotad,,"[""Water"",""Grass""]",lotad,complete,True,"[""gen8""]",
,Loudred,loudred,,"[""Normal""]",loudred,complete,True,"[""gen8""]",
,Lucario,lucario,,"[""Fighting"",""Steel""]",lucario,complete,True,"[""gen8""]",
,Ludicolo,ludicolo,,"[""Water"",""Grass""]",ludicolo,complete,True,"[""gen8""]",
,Lugia,lugia,,"[""Psychic"",""Flying""]",lugia,complete,True,"[""gen8""]",
,Lumineon,lumineon,,"[""Water""]",lumineon,complete,True,"[""gen8""]",
,Lunala,lunala,,"[""Psychic"",""Ghost""]",lunala,complete,True,"[""gen8""]",
,Lunatone,lunatone,,"[""Rock"",""Psychic""]",lunatone,complete,True,"[""gen8""]",
,Lurantis,lurantis,,"[""Grass""]",lurantis,complete,True,"[""gen8""]",
,Luvdisc,luvdisc,,"[""Water""]",luvdisc,complete,True,"[""gen8""]",
,Luxio,luxio,,"[""Electric""]",luxio,complete,True,"[""gen8""]",
,Luxray,luxray,,"[""Electric""]",luxray,complete,True,"[""gen8""]",
,MAROWAK Alola,marowakalola,,"[""Fire"",""Ghost""]",marowak-alola,complete,True,"[""gen8""]",
,MELOETTA Aria Forme,meloettaariaforme,,"[""Normal"",""Psychic""]",meloetta-aria-forme,complete,True,"[""gen8""]",
,MELOETTA Step Forme,meloettastepforme,,"[""Normal"",""Fighting""]",meloetta-step-forme,complete,True,"[""gen8""]",
,MEOWSTIC (F),meowsticf,,"[""Psychic""]",meowstic-f,complete,True,"[""gen8""]",
,MEOWSTIC (M),meowsticm,,"[""Psychic""]",meowstic-m,complete,True,"[""gen8""]",
,MEOWTH Alola,meowthalola,,"[""Dark""]",meowth-alola,complete,True,"[""gen8""]",
,MEOWTH Galar,meowthgalar,,"[""Steel""]",meowth-galar,complete,True,"[""gen8""]",
,MINIOR Core,miniorcore,,"[""Rock"",""Flying""]",minior-core,complete,True,"[""gen8""]",
,MINIOR Meteor,miniormeteor,,"[""Rock"",""Flying""]",minior-meteor,complete,True,"[""gen8""]",
,MR. MIME Galar,mrmimegalar,,"[""Ice"",""Psychic""]",mr-mime-galar,complete,True,"[""gen8""]",
,MUK Alola,mukalola,,"[""Poison"",""Dark""]",muk-alola,complete,True,"[""gen8""]",
,Machamp,machamp,,"[""Fighting""]",machamp,complete,True,"[""gen8""]",
,Machoke,machoke,,"[""Fighting""]",machoke,complete,True,"[""gen8""]",
,Machop,machop,,"[""Fighting""]",machop,complete,True,"[""gen8""]",
,Magby,magby,,"[""Fire""]",magby,complete,True,"[""gen8""]",
,Magcargo,magcargo,,"[""Fire"",""Rock""]",magcargo,complete,True,"[""gen8""]",
,Magearna,magearna,,"[""Steel"",""Fairy""]",magearna,complete,True,"[""gen8""]",
,Magikarp,magikarp,,"[""Water""]",magikarp,complete,True,"[""gen8""]",
,Magmar,magmar,,"[""Fire""]",magmar,complete,True,"[""gen8""]",
,Magmortar,magmortar,,"[""Fire""]",magmortar,complete,True,"[""gen8""]",
,Magnemite,magnemite,,"[""Electric"",""Steel""]",magnemite,complete,True,"[""gen8""]",
,Magneton,magneton,,"[""Electric"",""Steel""]",magneton,complete,True,"[""gen8""]",
,Magnezone,magnezone,,"[""Electric"",""Steel""]",magnezone,complete,True,"[""gen8""]",
,Makuhita,makuhita,,"[""Fighting""]",makuhita,complete,True,"[""gen8""]",
,Malamar,malamar,,"[""Dark"",""Psychic""]",malamar,complete,True,"[""gen8""]",
,Mamoswine,mamoswine,,"[""Ice"",""Ground""]",mamoswine,complete,True,"[""gen8""]",
,Manaphy,manaphy,,"[""Water""]",manaphy,complete,True,"[""gen8""]",
,Mandibuzz,mandibuzz,,"[""Dark"",""Flying""]",mandibuzz,complete,True,"[""gen8""]",
,Manectric,manectric,,"[""Electric""]",manectric,complete,True,"[""gen8""]",
,Mankey,mankey,,"[""Fighting""]",mankey,complete,True,"[""gen8""]",
,Mantine,mantine,,"[""Water"",""Flying""]",mantine,complete,True,"[""gen8""]",
,Mantyke,mantyke,,"[""Water"",""Flying""]",mantyke,complete,True,"[""gen8""]",
,Maractus,maractus,,"[""Grass""]",maractus,complete,True,"[""gen8""]",
,Mareanie,mareanie,,"[""Poison"",""Water""]",mareanie,complete,True,"[""gen8""]",
,Mareep,mareep,,"[""Electric""]",mareep,complete,True,"[""gen8""]",
,Marill,marill,,"[""Water"",""Fairy""]",marill,complete,True,"[""gen8""]",
,Marowak,marowak,,"[""Ground""]",marowak,complete,True,"[""gen8""]",
,Marshadow,marshadow,,"[""Fighting"",""Ghost""]",marshadow,complete,True,"[""gen8""]",
,Marshtomp,marshtomp,,"[""Water"",""Ground""]",marshtomp,complete,True,"[""gen8""]",
,Masquerain,masquerain,,"[""Bug"",""Flying""]",masquerain,complete,True,"[""gen8""]",
,Mawile,mawile,,"[""Steel"",""Fairy""]",mawile,complete,True,"[""gen8""]",
,Medicham,medicham,,"[""Fighting"",""Psychic""]",medicham,complete,True,"[""gen8""]",
,Meditite,meditite,,"[""Fighting"",""Psychic""]",meditite,complete,True,"[""gen8""]",
,Meganium,meganium,,"[""Grass""]",meganium,complete,True,"[""gen8""]",
,Melmetal,melmetal,,"[""Steel""]",melmetal,complete,True,"[""gen8""]",
,Meltan,meltan,,"[""Steel""]",meltan,complete,True,"[""gen8""]",
,Meowth,meowth,,"[""Normal""]",meowth,complete,True,"[""gen8""]",
,Mesprit,mesprit,,"[""Psychic""]",mesprit,complete,True,"[""gen8""]",
,Metagross,metagross,,"[""Steel"",""Psychic""]",metagross,complete,True,"[""gen8""]",
,Metang,metang,,"[""Steel"",""Psychic""]",metang,complete,True,"[""gen8""]",
,Metapod,metapod,,"[""Bug""]",metapod,complete,True,"[""gen8""]",
,Mew,mew,,"[""Psychic""]",mew,complete,True,"[""gen8""]",
,Mewtwo,mewtwo,,"[""Psychic""]",mewtwo,complete,True,"[""gen8""]",
,Mienfoo,mienfoo,,"[""Fighting""]",mienfoo,complete,True,"[""gen8""]",
,Mienshao,mienshao,,"[""Fighting""]",mienshao,complete,True,"[""gen8""]",
,Mightyena,mightyena,,"[""Dark""]",mightyena,complete,True,"[""gen8""]",
,Milcery,milcery,,"[""Fairy""]",milcery,complete,True,"[""gen8""]",
,Milotic,milotic,,"[""Water""]",milotic,complete,True,"[""gen8""]",
,Miltank,miltank,,"[""Normal""]",miltank,complete,True,"[""gen8""]",
,Mime Jr.,mimejr,,"[""Psychic"",""Fairy""]",mime-jr,complete,True,"[""gen8""]",
,Mimikyu,mimikyu,,"[""Ghost"",""Fairy""]",mimikyu,complete,True,"[""gen8""]",
,Minccino,minccino,,"[""Normal""]",minccino,complete,True,"[""gen8""]",
,Minun,minun,,"[""Electric""]",minun,complete,True,"[""gen8""]",
,Misdreavus,misdreavus,,"[""Ghost""]",misdreavus,complete,True,"[""gen8""]",
,Mismagius,mismagius,,"[""Ghost""]",mismagius,complete,True,"[""gen8""]",
,Moltres,moltres,,"[""Fire"",""Flying""]",moltres,complete,True,"[""gen8""]",
,Monferno,monferno,,"[""Fire"",""Fighting""]",monferno,complete,True,"[""gen8""]",
,Morelull,morelull,,"[""Grass"",""Fairy""]",morelull,complete,True,"[""gen8""]",
,Morgrem,morgrem,,"[""Dark"",""Fairy""]",morgrem,complete,True,"[""gen8""]",
,Morpeko,morpeko,,"[""Electric"",""Dark""]",morpeko,complete,True,"[""gen8""]",
,Mothim,mothim,,"[""Bug"",""Flying""]",mothim,complete,True,"[""gen8""]",
,Mr. Mime,mrmime,,"[""Psychic"",""Fairy""]",mr-mime,complete,True,"[""gen8""]",
,Mr. Rime,mrrime,,"[""Ice"",""Psychic""]",mr-rime,complete,True,"[""gen8""]",
,Mudbray,mudbray,,"[""Ground""]",mudbray,complete,True,"[""gen8""]",
,Mudkip,mudkip,,"[""Water""]",mudkip,complete,True,"[""gen8""]",
,Mudsdale,mudsdale,,"[""Ground""]",mudsdale,complete,True,"[""gen8""]",
,Muk,muk,,"[""Poison""]",muk,complete,True,"[""gen8""]",
,Munchlax,munchlax,,"[""Normal""]",munchlax,complete,True,"[""gen8""]",
,Munna,munna,,"[""Psychic""]",munna,complete,True,"[""gen8""]",
,Murkrow,murkrow,,"[""Dark"",""Flying""]",murkrow,complete,True,"[""gen8""]",
,Musharna,musharna,,"[""Psychic""]",musharna,complete,True,"[""gen8""]",
,NECROZMA Dawn Wings,necrozmadawnwings,,"[""Psychic"",""Ghost""]",necrozma-dawn-wings,complete,True,"[""gen8""]",
,NECROZMA Dusk Mane,necrozmaduskmane,,"[""Psychic"",""Steel""]",necrozma-dusk-mane,complete,True,"[""gen8""]",
,NIDORAN (F),nidoranf,,"[""Poison""]",nidoran-f,complete,True,"[""gen8""]",
,NIDORAN (M),nidoranm,,"[""Poison""]",nidoran-m,complete,True,"[""gen8""]",
,NINETALES Alola,ninetalesalola,,"[""Ice"",""Fairy""]",ninetales-alola,complete,True,"[""gen8""]",
,Naganadel,naganadel,,"[""Poison"",""Dragon""]",naganadel,complete,True,"[""gen8""]",
,Natu,natu,,"[""Psychic"",""Flying""]",natu,complete,True,"[""gen8""]",
,Necrozma,necrozma,,"[""Psychic""]",necrozma,complete,True,"[""gen8""]",
,Nickit,nickit,,"[""Dark""]",nickit,complete,True,"[""gen8""]",
,Nidoking,nidoking,,"[""Poison"",""Ground""]",nidoking,complete,True,"[""gen8""]",
,Nidoqueen,nidoqueen,,"[""Poison"",""Ground""]",nidoqueen,complete,True,"[""gen8""]",
,Nidorina,nidorina,,"[""Poison""]",nidorina,complete,True,"[""gen8""]",
,Nidorino,nidorino,,"[""Poison""]",nidorino,complete,True,"[""gen8""]",
,Nihilego,nihilego,,"[""Rock"",""Poison""]",nihilego,complete,True,"[""gen8""]",
,Nincada,nincada,,"[""Bug"",""Ground""]",nincada,complete,True,"[""gen8""]",
,Ninetales,ninetales,,"[""Fire""]",ninetales,complete,True,"[""gen8""]",
,Ninjask,ninjask,,"[""Bug"",""Flying""]",ninjask,complete,True,"[""gen8""]",
,Noctowl,noctowl,,"[""Normal"",""Flying""]",noctowl,complete,True,"[""gen8""]",
,Noibat,noibat,,"[""Flying"",""Dragon""]",noibat,complete,True,"[""gen8""]",
,Noivern,noivern,,"[""Flying"",""Dragon""]",noivern,complete,True,"[""gen8""]",
,Nosepass,nosepass,,"[""Rock""]",nosepass,complete,True,"[""gen8""]",
,Numel,numel,,"[""Fire"",""Ground""]",numel,complete,True,"[""gen8""]",
,Nuzleaf,nuzleaf,,"[""Grass"",""Dark""]",nuzleaf,complete,True,"[""gen8""]",
,Obstagoon,obstagoon,,"[""Dark"",""Normal""]",obstagoon,complete,True,"[""gen8""]",
,Octillery,octillery,,"[""Water""]",octillery,complete,True,"[""gen8""]",
,Oddish,oddish,,"[""Grass"",""Poison""]",oddish,complete,True,"[""gen8""]",
,Omanyte,omanyte,,"[""Rock"",""Water""]",omanyte,complete,True,"[""gen8""]",
,Omastar,omastar,,"[""Rock"",""Water""]",omastar,complete,True,"[""gen8""]",
,Onix,onix,,"[""Rock"",""Ground""]",onix,complete,True,"[""gen8""]",
,Oranguru,oranguru,,"[""Normal"",""Psychic""]",oranguru,complete,True,"[""gen8""]",
,Orbeetle,orbeetle,,"[""Bug"",""Psychic""]",orbeetle,complete,True,"[""gen8""]",
,Oricorio,oricorio,,"[""Special"",""Flying (see Nectar Dancer)""]",oricorio,complete,True,"[""gen8""]",
,Oshawott,oshawott,,"[""Water""]",oshawott,complete,True,"[""gen8""]",
,PERSIAN Alola,persianalola,,"[""Dark""]",persian-alola,complete,True,"[""gen8""]",
,PONYTA Galar,ponytagalar,,"[""Psychic""]",ponyta-galar,complete,True,"[""gen8""]",
,Pachirisu,pachirisu,,"[""Electric""]",pachirisu,complete,True,"[""gen8""]",
,Palkia,palkia,,"[""Water"",""Dragon""]",palkia,complete,True,"[""gen8""]",
,Palossand,palossand,,"[""Ghost"",""Ground""]",palossand,complete,True,"[""gen8""]",
,Palpitoad,palpitoad,,"[""Water"",""Ground""]",palpitoad,complete,True,"[""gen8""]",
,Pancham,pancham,,"[""Fighting""]",pancham,complete,True,"[""gen8""]",
,Pangoro,pangoro,,"[""Fighting"",""Dark""]",pangoro,complete,True,"[""gen8""]",
,Panpour,panpour,,"[""Water""]",panpour,complete,True,"[""gen8""]",
,Pansage,pansage,,"[""Grass""]",pansage,complete,True,"[""gen8""]",
,Pansear,pansear,,"[""Fire""]",pansear,complete,True,"[""gen8""]",
,Paras,paras,,"[""Bug"",""Grass""]",paras,complete,True,"[""gen8""]",
,Parasect,parasect,,"[""Bug"",""Grass""]",parasect,complete,True,"[""gen8""]",
,Passimian,passimian,,"[""Fighting""]",passimian,complete,True,"[""gen8""]",
,Patrat,patrat,,"[""Normal""]",patrat,complete,True,"[""gen8""]",
,Pawniard,pawniard,,"[""Dark"",""Steel""]",pawniard,complete,True,"[""gen8""]",
,Pelipper,pelipper,,"[""Water"",""Flying""]",pelipper,complete,True,"[""gen8""]",
,Perrserker,perrserker,,"[""Steel""]",perrserker,complete,True,"[""gen8""]",
,Persian,persian,,"[""Normal""]",persian,complete,True,"[""gen8""]",
,Petilil,petilil,,"[""Grass""]",petilil,complete,True,"[""gen8""]",
,Phanpy,phanpy,,"[""Ground""]",phanpy,complete,True,"[""gen8""]",
,Phantump,phantump,,"[""Ghost"",""Grass""]",phantump,complete,True,"[""gen8""]",
,Pheromosa,pheromosa,,"[""Bug"",""Fighting""]",pheromosa,complete,True,"[""gen8""]",
,Phione,phione,,"[""Water""]",phione,complete,True,"[""gen8""]",
,Pichu,pichu,,"[""Electric""]",pichu,complete,True,"[""gen8""]",
,Pidgeot,pidgeot,,"[""Normal"",""Flying""]",pidgeot,complete,True,"[""gen8""]",
,Pidgeotto,pidgeotto,,"[""Normal"",""Flying""]",pidgeotto,complete,True,"[""gen8""]",
,Pidgey,pidgey,,"[""Normal"",""Flying""]",pidgey,complete,True,"[""gen8""]",
,Pidove,pidove,,"[""Normal"",""Flying""]",pidove,complete,True,"[""gen8""]",
,Pignite,pignite,,"[""Fire"",""Fighting""]",pignite,complete,True,"[""gen8""]",
,Pikachu,pikachu,,"[""Electric""]",pikachu,complete,True,"[""gen8""]",
,Pikipek,pikipek,,"[""Normal"",""Flying""]",pikipek,complete,True,"[""gen8""]",
,Piloswine,piloswine,,"[""Ice"",""Ground""]",piloswine,complete,True,"[""gen8""]",
,Pincurchin,pincurchin,,"[""Electric""]",pincurchin,complete,True,"[""gen8""]",
,Pineco,pineco,,"[""Bug""]",pineco,complete,True,"[""gen8""]",
,Pinsir,pinsir,,"[""Bug""]",pinsir,complete,True,"[""gen8""]",
,Piplup,piplup,,"[""Water""]",piplup,complete,True,"[""gen8""]",
,Plusle,plusle,,"[""Electric""]",plusle,complete,True,"[""gen8""]",
,Poipole,poipole,,"[""Poison""]",poipole,complete,True,"[""gen8""]",
,Politoed,politoed,,"[""Water""]",politoed,complete,True,"[""gen8""]",
,Poliwag,poliwag,,"[""Water""]",poliwag,complete,True,"[""gen8""]",
,Poliwhirl,poliwhirl,,"[""Water""]",poliwhirl,complete,True,"[""gen8""]",
,Poliwrath,poliwrath,,"[""Water"",""Fighting""]",poliwrath,complete,True,"[""gen8""]",
,Polteageist,polteageist,,"[""Ghost""]",polteageist,complete,True,"[""gen8""]",
,Pombon,pombon,10,"[""Fire""]",pombon,external_stub,False,"[""pokemon_winds_waves"",""bulbapedia_natdex_2026""]",unassigned_announced_species
,Ponyta,ponyta,,"[""Fire""]",ponyta,complete,True,"[""gen8""]",
,Poochyena,poochyena,,"[""Dark""]",poochyena,complete,True,"[""gen8""]",
,Popplio,popplio,,"[""Water""]",popplio,complete,True,"[""gen8""]",
,Porygon,porygon,,"[""Normal""]",porygon,complete,True,"[""gen8""]",
,Porygon-Z,porygonz,,"[""Normal""]",porygon-z,complete,True,"[""gen8""]",
,Porygon2,porygon2,,"[""Normal""]",porygon2,complete,True,"[""gen8""]",
,Primarina,primarina,,"[""Water"",""Fairy""]",primarina,complete,True,"[""gen8""]",
,Primeape,primeape,,"[""Fighting""]",primeape,complete,True,"[""gen8""]",
,Prinplup,prinplup,,"[""Water""]",prinplup,complete,True,"[""gen8""]",
,Probopass,probopass,,"[""Rock"",""Steel""]",probopass,complete,True,"[""gen8""]",
,Psyduck,psyduck,,"[""Water""]",psyduck,complete,True,"[""gen8""]",
,Pumpkaboo,pumpkaboo,,"[""Ghost"",""Grass""]",pumpkaboo,complete,True,"[""gen8""]",
,Pupitar,pupitar,,"[""Rock"",""Ground""]",pupitar,complete,True,"[""gen8""]",
,Purrloin,purrloin,,"[""Dark""]",purrloin,complete,True,"[""gen8""]",
,Purugly,purugly,,"[""Normal""]",purugly,complete,True,"[""gen8""]",
,Pyroar,pyroar,,"[""Fire"",""Normal""]",pyroar,complete,True,"[""gen8""]",
,Pyukumuku,pyukumuku,,"[""Water""]",pyukumuku,complete,True,"[""gen8""]",
,Quagsire,quagsire,,"[""Water"",""Ground""]",quagsire,complete,True,"[""gen8""]",
,Quilava,quilava,,"[""Fire""]",quilava,complete,True,"[""gen8""]",
,Quilladin,quilladin,,"[""Grass""]",quilladin,complete,True,"[""gen8""]",
,Qwilfish,qwilfish,,"[""Water"",""Poison""]",qwilfish,complete,True,"[""gen8""]",
,RAICHU Alola,raichualola,,"[""Electric"",""Psychic""]",raichu-alola,complete,True,"[""gen8""]",
,RAPIDASH Galar,rapidashgalar,,"[""Psychic"",""Fairy""]",rapidash-galar,complete,True,"[""gen8""]",
,RATICATE Alola,raticatealola,,"[""Dark"",""Normal""]",raticate-alola,complete,True,"[""gen8""]",
,RATTATA Alola,rattataalola,,"[""Dark"",""Normal""]",rattata-alola,complete,True,"[""gen8""]",
,ROTOM Normal Form,rotomnormalform,,"[""Electric"",""Ghost""]",rotom-normal-form,complete,True,"[""gen8""]",
,Raboot,raboot,,"[""Fire""]",raboot,complete,True,"[""gen8""]",
,Raichu,raichu,,"[""Electric""]",raichu,complete,True,"[""gen8""]",
,Raikou,raikou,,"[""Electric""]",raikou,complete,True,"[""gen8""]",
,Ralts,ralts,,"[""Psychic"",""Fairy""]",ralts,complete,True,"[""gen8""]",
,Rampardos,rampardos,,"[""Rock""]",rampardos,complete,True,"[""gen8""]",
,Rapidash,rapidash,,"[""Fire""]",rapidash,complete,True,"[""gen8""]",
,Raticate,raticate,,"[""Normal""]",raticate,complete,True,"[""gen8""]",
,Rattata,rattata,,"[""Normal""]",rattata,complete,True,"[""gen8""]",
,Rayquaza,rayquaza,,"[""Dragon"",""Flying""]",rayquaza,complete,True,"[""gen8""]",
,Regice,regice,,"[""Ice""]",regice,complete,True,"[""gen8""]",
,Regigigas,regigigas,,"[""Normal""]",regigigas,complete,True,"[""gen8""]",
,Regirock,regirock,,"[""Rock""]",regirock,complete,True,"[""gen8""]",
,Registeel,registeel,,"[""Steel""]",registeel,complete,True,"[""gen8""]",
,Relicanth,relicanth,,"[""Water"",""Rock""]",relicanth,complete,True,"[""gen8""]",
,Remoraid,remoraid,,"[""Water""]",remoraid,complete,True,"[""gen8""]",
,Reshiram,reshiram,,"[""Dragon"",""Fire""]",reshiram,complete,True,"[""gen8""]",
,Reuniclus,reuniclus,,"[""Psychic""]",reuniclus,complete,True,"[""gen8""]",
,Rhydon,rhydon,,"[""Ground"",""Rock""]",rhydon,complete,True,"[""gen8""]",
,Rhyhorn,rhyhorn,,"[""Ground"",""Rock""]",rhyhorn,complete,True,"[""gen8""]",
,Rhyperior,rhyperior,,"[""Ground"",""Rock""]",rhyperior,complete,True,"[""gen8""]",
,Ribombee,ribombee,,"[""Bug"",""Fairy""]",ribombee,complete,True,"[""gen8""]",
,Rillaboom,rillaboom,,"[""Grass""]",rillaboom,complete,True,"[""gen8""]",
,Riolu,riolu,,"[""Fighting""]",riolu,complete,True,"[""gen8""]",
,Rockruff,rockruff,,"[""Rock""]",rockruff,complete,True,"[""gen8""]",
,Roggenrola,roggenrola,,"[""Rock""]",roggenrola,complete,True,"[""gen8""]",
,Rolycoly,rolycoly,,"[""Rock""]",rolycoly,complete,True,"[""gen8""]",
,Rookidee,rookidee,,"[""Flying""]",rookidee,complete,True,"[""gen8""]",
,Roselia,roselia,,"[""Grass"",""Poison""]",roselia,complete,True,"[""gen8""]",
,Roserade,roserade,,"[""Grass"",""Poison""]",roserade,complete,True,"[""gen8""]",
,Rowlet,rowlet,,"[""Grass"",""Flying""]",rowlet,complete,True,"[""gen8""]",
,Rufflet,rufflet,,"[""Normal"",""Flying""]",rufflet,complete,True,"[""gen8""]",
,Runerigus,runerigus,,"[""Ground"",""Ghost""]",runerigus,complete,True,"[""gen8""]",
,SANDSHREW Alola,sandshrewalola,,"[""Ice"",""Steel""]",sandshrew-alola,complete,True,"[""gen8""]",
,SANDSLASH Alola,sandslashalola,,"[""Ice"",""Steel""]",sandslash-alola,complete,True,"[""gen8""]",
,SHAYMIN Land Forme,shayminlandforme,,"[""Grass""]",shaymin-land-forme,complete,True,"[""gen8""]",
,SHAYMIN Sky Forme,shayminskyforme,,"[""Grass"",""Flying""]",shaymin-sky-forme,complete,True,"[""gen8""]",
,STUNFISK Galar,stunfiskgalar,,"[""Ground"",""Steel""]",stunfisk-galar,complete,True,"[""gen8""]",
,Sableye,sableye,,"[""Dark"",""Ghost""]",sableye,complete,True,"[""gen8""]",
,Salamence,salamence,,"[""Dragon"",""Flying""]",salamence,complete,True,"[""gen8""]",
,Salandit,salandit,,"[""Poison"",""Fire""]",salandit,complete,True,"[""gen8""]",
,Salazzle,salazzle,,"[""Poison"",""Fire""]",salazzle,complete,True,"[""gen8""]",
,Samurott,samurott,,"[""Water""]",samurott,complete,True,"[""gen8""]",
,Sandaconda,sandaconda,,"[""Ground""]",sandaconda,complete,True,"[""gen8""]",
,Sandile,sandile,,"[""Ground"",""Dark""]",sandile,complete,True,"[""gen8""]",
,Sandshrew,sandshrew,,"[""Ground""]",sandshrew,complete,True,"[""gen8""]",
,Sandslash,sandslash,,"[""Ground""]",sandslash,complete,True,"[""gen8""]",
,Sandygast,sandygast,,"[""Ghost"",""Ground""]",sandygast,complete,True,"[""gen8""]",
,Sawk,sawk,,"[""Fighting""]",sawk,complete,True,"[""gen8""]",
,Sawsbuck,sawsbuck,,"[""Normal"",""Grass""]",sawsbuck,complete,True,"[""gen8""]",
,Scatterbug,scatterbug,,"[""Bug""]",scatterbug,complete,True,"[""gen8""]",
,Sceptile,sceptile,,"[""Grass""]",sceptile,complete,True,"[""gen8""]",
,Scizor,scizor,,"[""Bug"",""Steel""]",scizor,complete,True,"[""gen8""]",
,Scolipede,scolipede,,"[""Bug"",""Poison""]",scolipede,complete,True,"[""gen8""]",
,Scorbunny,scorbunny,,"[""Fire""]",scorbunny,complete,True,"[""gen8""]",
,Scrafty,scrafty,,"[""Dark"",""Fighting""]",scrafty,complete,True,"[""gen8""]",
,Scraggy,scraggy,,"[""Dark"",""Fighting""]",scraggy,complete,True,"[""gen8""]",
,Scyther,scyther,,"[""Bug"",""Flying""]",scyther,complete,True,"[""gen8""]",
,Seadra,seadra,,"[""Water""]",seadra,complete,True,"[""gen8""]",
,Seaking,seaking,,"[""Water""]",seaking,complete,True,"[""gen8""]",
,Sealeo,sealeo,,"[""Ice"",""Water""]",sealeo,complete,True,"[""gen8""]",
,Seedot,seedot,,"[""Grass""]",seedot,complete,True,"[""gen8""]",
,Seel,seel,,"[""Water""]",seel,complete,True,"[""gen8""]",
,Seismitoad,seismitoad,,"[""Water"",""Ground""]",seismitoad,complete,True,"[""gen8""]",
,Sentret,sentret,,"[""Normal""]",sentret,complete,True,"[""gen8""]",
,Serperior,serperior,,"[""Grass""]",serperior,complete,True,"[""gen8""]",
,Servine,servine,,"[""Grass""]",servine,complete,True,"[""gen8""]",
,Seviper,seviper,,"[""Poison""]",seviper,complete,True,"[""gen8""]",
,Sewaddle,sewaddle,,"[""Bug"",""Grass""]",sewaddle,complete,True,"[""gen8""]",
,Sharpedo,sharpedo,,"[""Water"",""Dark""]",sharpedo,complete,True,"[""gen8""]",
,Shedinja,shedinja,,"[""Bug"",""Ghost""]",shedinja,complete,True,"[""gen8""]",
,Shelgon,shelgon,,"[""Dragon""]",shelgon,complete,True,"[""gen8""]",
,Shellder,shellder,,"[""Water""]",shellder,complete,True,"[""gen8""]",
,Shellos,shellos,,"[""Water""]",shellos,complete,True,"[""gen8""]",
,Shelmet,shelmet,,"[""Bug""]",shelmet,complete,True,"[""gen8""]",
,Shieldon,shieldon,,"[""Rock"",""Steel""]",shieldon,complete,True,"[""gen8""]",
,Shiftry,shiftry,,"[""Grass"",""Dark""]",shiftry,complete,True,"[""gen8""]",
,Shiinotic,shiinotic,,"[""Grass"",""Fairy""]",shiinotic,complete,True,"[""gen8""]",
,Shinx,shinx,,"[""Electric""]",shinx,complete,True,"[""gen8""]",
,Shroomish,shroomish,,"[""Grass""]",shroomish,complete,True,"[""gen8""]",
,Shuckle,shuckle,,"[""Bug"",""Rock""]",shuckle,complete,True,"[""gen8""]",
,Shuppet,shuppet,,"[""Ghost""]",shuppet,complete,True,"[""gen8""]",
,Sigilyph,sigilyph,,"[""Psychic"",""Flying""]",sigilyph,complete,True,"[""gen8""]",
,Silcoon,silcoon,,"[""Bug""]",silcoon,complete,True,"[""gen8""]",
,Silicobra,silicobra,,"[""Ground""]",silicobra,complete,True,"[""gen8""]",
,Silvally,silvally,,"[""Normal""]",silvally,complete,True,"[""gen8""]",
,Simipour,simipour,,"[""Water""]",simipour,complete,True,"[""gen8""]",
,Simisage,simisage,,"[""Grass""]",simisage,complete,True,"[""gen8""]",
,Simisear,simisear,,"[""Fire""]",simisear,complete,True,"[""gen8""]",
,Sinistea,sinistea,,"[""Ghost""]",sinistea,complete,True,"[""gen8""]",
,Sirfetch’D,sirfetchd,,"[""Fighting""]",sirfetchd,complete,True,"[""gen8""]",
,Sizzlipede,sizzlipede,,"[""Fire"",""Bug""]",sizzlipede,complete,True,"[""gen8""]",
,Skarmory,skarmory,,"[""Steel"",""Flying""]",skarmory,complete,True,"[""gen8""]",
,Skiddo,skiddo,,"[""Grass""]",skiddo,complete,True,"[""gen8""]",
,Skiploom,skiploom,,"[""Grass"",""Flying""]",skiploom,complete,True,"[""gen8""]",
,Skitty,skitty,,"[""Normal""]",skitty,complete,True,"[""gen8""]",
,Skorupi,skorupi,,"[""Poison"",""Bug""]",skorupi,complete,True,"[""gen8""]",
,Skrelp,skrelp,,"[""Poison"",""Water""]",skrelp,complete,True,"[""gen8""]",
,Skuntank,skuntank,,"[""Poison"",""Dark""]",skuntank,complete,True,"[""gen8""]",
,Skwovet,skwovet,,"[""Normal""]",skwovet,complete,True,"[""gen8""]",
,Slaking,slaking,,"[""Normal""]",slaking,complete,True,"[""gen8""]",
,Slakoth,slakoth,,"[""Normal""]",slakoth,complete,True,"[""gen8""]",
,Sliggoo,sliggoo,,"[""Dragon""]",sliggoo,complete,True,"[""gen8""]",
,Slowbro,slowbro,,"[""Water"",""Psychic""]",slowbro,complete,True,"[""gen8""]",
,Slowking,slowking,,"[""Water"",""Psychic""]",slowking,complete,True,"[""gen8""]",
,Slowpoke,slowpoke,,"[""Water"",""Psychic""]",slowpoke,complete,True,"[""gen8""]",
,Slugma,slugma,,"[""Fire""]",slugma,complete,True,"[""gen8""]",
,Slurpuff,slurpuff,,"[""Fairy""]",slurpuff,complete,True,"[""gen8""]",
,Smeargle,smeargle,,"[""Normal""]",smeargle,complete,True,"[""gen8""]",
,Smoochum,smoochum,,"[""Ice"",""Psychic""]",smoochum,complete,True,"[""gen8""]",
,Sneasel,sneasel,,"[""Dark"",""Ice""]",sneasel,complete,True,"[""gen8""]",
,Snivy,snivy,,"[""Grass""]",snivy,complete,True,"[""gen8""]",
,Snom,snom,,"[""Ice"",""Bug""]",snom,complete,True,"[""gen8""]",
,Snorlax,snorlax,,"[""Normal""]",snorlax,complete,True,"[""gen8""]",
,Snorunt,snorunt,,"[""Ice""]",snorunt,complete,True,"[""gen8""]",
,Snover,snover,,"[""Grass"",""Ice""]",snover,complete,True,"[""gen8""]",
,Snubbull,snubbull,,"[""Fairy""]",snubbull,complete,True,"[""gen8""]",
,Sobble,sobble,,"[""Water""]",sobble,complete,True,"[""gen8""]",
,Solgaleo,solgaleo,,"[""Psychic"",""Steel""]",solgaleo,complete,True,"[""gen8""]",
,Solosis,solosis,,"[""Psychic""]",solosis,complete,True,"[""gen8""]",
,Solrock,solrock,,"[""Rock"",""Psychic""]",solrock,complete,True,"[""gen8""]",
,Spearow,spearow,,"[""Normal"",""Flying""]",spearow,complete,True,"[""gen8""]",
,Spewpa,spewpa,,"[""Bug""]",spewpa,complete,True,"[""gen8""]",
,Spheal,spheal,,"[""Ice"",""Water""]",spheal,complete,True,"[""gen8""]",
,Spinarak,spinarak,,"[""Bug"",""Poison""]",spinarak,complete,True,"[""gen8""]",
,Spinda,spinda,,"[""Normal""]",spinda,complete,True,"[""gen8""]",
,Spiritomb,spiritomb,,"[""Ghost"",""Dark""]",spiritomb,complete,True,"[""gen8""]",
,Spoink,spoink,,"[""Psychic""]",spoink,complete,True,"[""gen8""]",
,Spritzee,spritzee,,"[""Fairy""]",spritzee,complete,True,"[""gen8""]",
,Squirtle,squirtle,,"[""Water""]",squirtle,complete,True,"[""gen8""]",
,Stakataka,stakataka,,"[""Rock"",""Steel""]",stakataka,complete,True,"[""gen8""]",
,Stantler,stantler,,"[""Normal""]",stantler,complete,True,"[""gen8""]",
,Staraptor,staraptor,,"[""Normal"",""Flying""]",staraptor,complete,True,"[""gen8""]",
,Staravia,staravia,,"[""Normal"",""Flying""]",staravia,complete,True,"[""gen8""]",
,Starly,starly,,"[""Normal"",""Flying""]",starly,complete,True,"[""gen8""]",
,Starmie,starmie,,"[""Water"",""Psychic""]",starmie,complete,True,"[""gen8""]",
,Staryu,staryu,,"[""Water""]",staryu,complete,True,"[""gen8""]",
,Steelix,steelix,,"[""Steel"",""Ground""]",steelix,complete,True,"[""gen8""]",
,Steenee,steenee,,"[""Grass""]",steenee,complete,True,"[""gen8""]",
,Stonjourner,stonjourner,,"[""Rock""]",stonjourner,complete,True,"[""gen8""]",
,Stoutland,stoutland,,"[""Normal""]",stoutland,complete,True,"[""gen8""]",
,Stufful,stufful,,"[""Normal"",""Fighting""]",stufful,complete,True,"[""gen8""]",
,Stunfisk,stunfisk,,"[""Ground"",""Electric""]",stunfisk,complete,True,"[""gen8""]",
,Stunky,stunky,,"[""Poison"",""Dark""]",stunky,complete,True,"[""gen8""]",
,Sudowoodo,sudowoodo,,"[""Rock""]",sudowoodo,complete,True,"[""gen8""]",
,Suicune,suicune,,"[""Water""]",suicune,complete,True,"[""gen8""]",
,Sunflora,sunflora,,"[""Grass""]",sunflora,complete,True,"[""gen8""]",
,Sunkern,sunkern,,"[""Grass""]",sunkern,complete,True,"[""gen8""]",
,Surskit,surskit,,"[""Bug"",""Water""]",surskit,complete,True,"[""gen8""]",
,Swablu,swablu,,"[""Normal"",""Flying""]",swablu,complete,True,"[""gen8""]",
,Swadloon,swadloon,,"[""Bug"",""Grass""]",swadloon,complete,True,"[""gen8""]",
,Swalot,swalot,,"[""Poison""]",swalot,complete,True,"[""gen8""]",
,Swampert,swampert,,"[""Water"",""Ground""]",swampert,complete,True,"[""gen8""]",
,Swanna,swanna,,"[""Water"",""Flying""]",swanna,complete,True,"[""gen8""]",
,Swellow,swellow,,"[""Normal"",""Flying""]",swellow,complete,True,"[""gen8""]",
,Swinub,swinub,,"[""Ice"",""Ground""]",swinub,complete,True,"[""gen8""]",
,Swirlix,swirlix,,"[""Fairy""]",swirlix,complete,True,"[""gen8""]",
,Swoobat,swoobat,,"[""Psychic"",""Flying""]",swoobat,complete,True,"[""gen8""]",
,Sylveon,sylveon,,"[""Fairy""]",sylveon,complete,True,"[""gen8""]",
,THUNDURUS Incarnate Forme,thundurusincarnateforme,,"[""Electric"",""Flying""]",thundurus-incarnate-forme,complete,True,"[""gen8""]",
,THUNDURUS Therian Forme,thundurustherianforme,,"[""Electric"",""Flying""]",thundurus-therian-forme,complete,True,"[""gen8""]",
,TORNADUS Incarnate Forme,tornadusincarnateforme,,"[""Flying""]",tornadus-incarnate-forme,complete,True,"[""gen8""]",
,TORNADUS Therian Forme,tornadustherianforme,,"[""Flying""]",tornadus-therian-forme,complete,True,"[""gen8""]",
,TYPE: NULL,typenull,,"[""NULL""]",type-null,complete,True,"[""gen8""]",
,Taillow,taillow,,"[""Normal"",""Flying""]",taillow,complete,True,"[""gen8""]",
,Talonflame,talonflame,,"[""Fire"",""Flying""]",talonflame,complete,True,"[""gen8""]",
,Tangela,tangela,,"[""Grass""]",tangela,complete,True,"[""gen8""]",
,Tangrowth,tangrowth,,"[""Grass""]",tangrowth,complete,True,"[""gen8""]",
,Tapu Bulu,tapubulu,,"[""Grass"",""Fairy""]",tapu-bulu,complete,True,"[""gen8""]",
,Tapu Fini,tapufini,,"[""Water"",""Fairy""]",tapu-fini,complete,True,"[""gen8""]",
,Tapu Koko,tapukoko,,"[""Electric"",""Fairy""]",tapu-koko,complete,True,"[""gen8""]",
,Tapu Lele,tapulele,,"[""Psychic"",""Fairy""]",tapu-lele,complete,True,"[""gen8""]",
,Tauros,tauros,,"[""Normal""]",tauros,complete,True,"[""gen8""]",
,Teddiursa,teddiursa,,"[""Normal""]",teddiursa,complete,True,"[""gen8""]",
,Tentacool,tentacool,,"[""Water"",""Poison""]",tentacool,complete,True,"[""gen8""]",
,Tentacruel,tentacruel,,"[""Water"",""Poison""]",tentacruel,complete,True,"[""gen8""]",
,Tepig,tepig,,"[""Fire""]",tepig,complete,True,"[""gen8""]",
,Terrakion,terrakion,,"[""Rock"",""Fighting""]",terrakion,complete,True,"[""gen8""]",
,Thievul,thievul,,"[""Dark""]",thievul,complete,True,"[""gen8""]",
,Throh,throh,,"[""Fighting""]",throh,complete,True,"[""gen8""]",
,Thwackey,thwackey,,"[""Grass""]",thwackey,complete,True,"[""gen8""]",
,Timburr,timburr,,"[""Fighting""]",timburr,complete,True,"[""gen8""]",
,Tirtouga,tirtouga,,"[""Rock"",""Water""]",tirtouga,complete,True,"[""gen8""]",
,Togedemaru,togedemaru,,"[""Electric"",""Steel""]",togedemaru,complete,True,"[""gen8""]",
,Togekiss,togekiss,,"[""Fairy"",""Flying""]",togekiss,complete,True,"[""gen8""]",
,Togepi,togepi,,"[""Fairy""]",togepi,complete,True,"[""gen8""]",
,Togetic,togetic,,"[""Fairy"",""Flying""]",togetic,complete,True,"[""gen8""]",
,Torchic,torchic,,"[""Fire""]",torchic,complete,True,"[""gen8""]",
,Torkoal,torkoal,,"[""Fire""]",torkoal,complete,True,"[""gen8""]",
,Torracat,torracat,,"[""Fire""]",torracat,complete,True,"[""gen8""]",
,Torterra,torterra,,"[""Grass"",""Ground""]",torterra,complete,True,"[""gen8""]",
,Totodile,totodile,,"[""Water""]",totodile,complete,True,"[""gen8""]",
,Toucannon,toucannon,,"[""Normal"",""Flying""]",toucannon,complete,True,"[""gen8""]",
,Toxapex,toxapex,,"[""Poison"",""Water""]",toxapex,complete,True,"[""gen8""]",
,Toxel,toxel,,"[""Electric"",""Poison""]",toxel,complete,True,"[""gen8""]",
,Toxicroak,toxicroak,,"[""Poison"",""Fighting""]",toxicroak,complete,True,"[""gen8""]",
,Toxtricity,toxtricity,,"[""Electric"",""Poison""]",toxtricity,complete,True,"[""gen8""]",
,Tranquill,tranquill,,"[""Normal"",""Flying""]",tranquill,complete,True,"[""gen8""]",
,Trapinch,trapinch,,"[""Ground""]",trapinch,complete,True,"[""gen8""]",
,Treecko,treecko,,"[""Grass""]",treecko,complete,True,"[""gen8""]",
,Trevenant,trevenant,,"[""Ghost"",""Grass""]",trevenant,complete,True,"[""gen8""]",
,Tropius,tropius,,"[""Grass"",""Flying""]",tropius,complete,True,"[""gen8""]",
,Trubbish,trubbish,,"[""Poison""]",trubbish,complete,True,"[""gen8""]",
,Trumbeak,trumbeak,,"[""Normal"",""Flying""]",trumbeak,complete,True,"[""gen8""]",
,Tsareena,tsareena,,"[""Grass""]",tsareena,complete,True,"[""gen8""]",
,Turtonator,turtonator,,"[""Fire"",""Dragon""]",turtonator,complete,True,"[""gen8""]",
,Turtwig,turtwig,,"[""Grass""]",turtwig,complete,True,"[""gen8""]",
,Tympole,tympole,,"[""Water""]",tympole,complete,True,"[""gen8""]",
,Tynamo,tynamo,,"[""Electric""]",tynamo,complete,True,"[""gen8""]",
,Typhlosion,typhlosion,,"[""Fire""]",typhlosion,complete,True,"[""gen8""]",
,Tyranitar,tyranitar,,"[""Rock"",""Dark""]",tyranitar,complete,True,"[""gen8""]",
,Tyrantrum,tyrantrum,,"[""Rock"",""Dragon""]",tyrantrum,complete,True,"[""gen8""]",
,Tyrogue,tyrogue,,"[""Fighting""]",tyrogue,complete,True,"[""gen8""]",
,Tyrunt,tyrunt,,"[""Rock"",""Dragon""]",tyrunt,complete,True,"[""gen8""]",
,Umbreon,umbreon,,"[""Dark""]",umbreon,complete,True,"[""gen8""]",
,Unfezant,unfezant,,"[""Normal"",""Flying""]",unfezant,complete,True,"[""gen8""]",
,Unown,unown,,"[""Psychic""]",unown,complete,True,"[""gen8""]",
,Ursaring,ursaring,,"[""Normal""]",ursaring,complete,True,"[""gen8""]",
,Uxie,uxie,,"[""Psychic""]",uxie,complete,True,"[""gen8""]",
,VULPIX Alola,vulpixalola,,"[""Ice""]",vulpix-alola,complete,True,"[""gen8""]",
,Vanillish,vanillish,,"[""Ice""]",vanillish,complete,True,"[""gen8""]",
,Vanillite,vanillite,,"[""Ice""]",vanillite,complete,True,"[""gen8""]",
,Vanilluxe,vanilluxe,,"[""Ice""]",vanilluxe,complete,True,"[""gen8""]",
,Vaporeon,vaporeon,,"[""Water""]",vaporeon,complete,True,"[""gen8""]",
,Venipede,venipede,,"[""Bug"",""Poison""]",venipede,complete,True,"[""gen8""]",
,Venomoth,venomoth,,"[""Bug"",""Poison""]",venomoth,complete,True,"[""gen8""]",
,Venonat,venonat,,"[""Bug"",""Poison""]",venonat,complete,True,"[""gen8""]",
,Venusaur,venusaur,,"[""Grass"",""Poison""]",venusaur,complete,True,"[""gen8""]",
,Vespiquen,vespiquen,,"[""Bug"",""Flying""]",vespiquen,complete,True,"[""gen8""]",
,Vibrava,vibrava,,"[""Ground"",""Dragon""]",vibrava,complete,True,"[""gen8""]",
,Victini,victini,,"[""Psychic"",""Fire""]",victini,complete,True,"[""gen8""]",
,Victreebel,victreebel,,"[""Grass"",""Poison""]",victreebel,complete,True,"[""gen8""]",
,Vigoroth,vigoroth,,"[""Normal""]",vigoroth,complete,True,"[""gen8""]",
,Vikavolt,vikavolt,,"[""Bug"",""Electric""]",vikavolt,complete,True,"[""gen8""]",
,Vileplume,vileplume,,"[""Grass"",""Poison""]",vileplume,complete,True,"[""gen8""]",
,Virizion,virizion,,"[""Grass"",""Fighting""]",virizion,complete,True,"[""gen8""]",
,Vivillon,vivillon,,"[""Bug"",""Flying""]",vivillon,complete,True,"[""gen8""]",
,Volbeat,volbeat,,"[""Bug""]",volbeat,complete,True,"[""gen8""]",
,Volcanion,volcanion,,"[""Fire"",""Water""]",volcanion,complete,True,"[""gen8""]",
,Volcarona,volcarona,,"[""Bug"",""Fire""]",volcarona,complete,True,"[""gen8""]",
,Voltorb,voltorb,,"[""Electric""]",voltorb,complete,True,"[""gen8""]",
,Vullaby,vullaby,,"[""Dark"",""Flying""]",vullaby,complete,True,"[""gen8""]",
,Vulpix,vulpix,,"[""Fire""]",vulpix,complete,True,"[""gen8""]",
,WEEZING Galar,weezinggalar,,"[""Poison"",""Fairy""]",weezing-galar,complete,True,"[""gen8""]",
,WISHIWASHI Schooling,wishiwashischooling,,"[""Water""]",wishiwashi-schooling,complete,True,"[""gen8""]",
,WISHIWASHI Solo,wishiwashisolo,,"[""Water""]",wishiwashi-solo,complete,True,"[""gen8""]",
,WORMADAM Plant Cloak,wormadamplantcloak,,"[""Bug"",""Grass""]",wormadam-plant-cloak,complete,True,"[""gen8""]",
,WORMADAM Sandy Cloak,wormadamsandycloak,,"[""Bug"",""Ground""]",wormadam-sandy-cloak,complete,True,"[""gen8""]",
,WORMADAM Trash Cloak,wormadamtrashcloak,,"[""Bug"",""Steel""]",wormadam-trash-cloak,complete,True,"[""gen8""]",
,Wailmer,wailmer,,"[""Water""]",wailmer,complete,True,"[""gen8""]",
,Wailord,wailord,,"[""Water""]",wailord,complete,True,"[""gen8""]",
,Walrein,walrein,,"[""Ice"",""Water""]",walrein,complete,True,"[""gen8""]",
,Wartortle,wartortle,,"[""Water""]",wartortle,complete,True,"[""gen8""]",
,Watchog,watchog,,"[""Normal""]",watchog,complete,True,"[""gen8""]",
,Weavile,weavile,,"[""Dark"",""Ice""]",weavile,complete,True,"[""gen8""]",
,Weedle,weedle,,"[""Bug"",""Poison""]",weedle,complete,True,"[""gen8""]",
,Weepinbell,weepinbell,,"[""Grass"",""Poison""]",weepinbell,complete,True,"[""gen8""]",
,Weezing,weezing,,"[""Poison""]",weezing,complete,True,"[""gen8""]",
,Whimsicott,whimsicott,,"[""Grass"",""Fairy""]",whimsicott,complete,True,"[""gen8""]",
,Whirlipede,whirlipede,,"[""Bug"",""Poison""]",whirlipede,complete,True,"[""gen8""]",
,Whiscash,whiscash,,"[""Water"",""Ground""]",whiscash,complete,True,"[""gen8""]",
,Whismur,whismur,,"[""Normal""]",whismur,complete,True,"[""gen8""]",
,Wigglytuff,wigglytuff,,"[""Normal"",""Fairy""]",wigglytuff,complete,True,"[""gen8""]",
,Wimpod,wimpod,,"[""Bug"",""Water""]",wimpod,complete,True,"[""gen8""]",
,Wingull,wingull,,"[""Water"",""Flying""]",wingull,complete,True,"[""gen8""]",
,Wobbuffet,wobbuffet,,"[""Psychic""]",wobbuffet,complete,True,"[""gen8""]",
,Woobat,woobat,,"[""Psychic"",""Flying""]",woobat,complete,True,"[""gen8""]",
,Wooloo,wooloo,,"[""Normal""]",wooloo,complete,True,"[""gen8""]",
,Wooper,wooper,,"[""Water"",""Ground""]",wooper,complete,True,"[""gen8""]",
,Wurmple,wurmple,,"[""Bug""]",wurmple,complete,True,"[""gen8""]",
,Wynaut,wynaut,,"[""Psychic""]",wynaut,complete,True,"[""gen8""]",
,Xatu,xatu,,"[""Psychic"",""Flying""]",xatu,complete,True,"[""gen8""]",
,Xerneas,xerneas,,"[""Fairy""]",xerneas,complete,True,"[""gen8""]",
,Xurkitree,xurkitree,,"[""Electric""]",xurkitree,complete,True,"[""gen8""]",
,YAMASK Galar,yamaskgalar,,"[""Ground"",""Ghost""]",yamask-galar,complete,True,"[""gen8""]",
,Yamask,yamask,,"[""Ghost""]",yamask,complete,True,"[""gen8""]",
,Yamper,yamper,,"[""Electric""]",yamper,complete,True,"[""gen8""]",
,Yanma,yanma,,"[""Bug"",""Flying""]",yanma,complete,True,"[""gen8""]",
,Yanmega,yanmega,,"[""Bug"",""Flying""]",yanmega,complete,True,"[""gen8""]",
,Yungoos,yungoos,,"[""Normal""]",yungoos,complete,True,"[""gen8""]",
,Yveltal,yveltal,,"[""Dark"",""Flying""]",yveltal,complete,True,"[""gen8""]",
,ZACIAN Crowned Sword Forme,zaciancrownedswordforme,,"[""Fairy"",""Steel""]",zacian-crowned-sword-forme,complete,True,"[""gen8""]",
,ZACIAN Hero of Many Battles Forme,zacianheroofmanybattlesforme,,"[""Fairy""]",zacian-hero-of-many-battles-forme,complete,True,"[""gen8""]",
,ZAMAZENTA Crowned Shield Forme,zamazentacrownedshieldforme,,"[""Fighting"",""Steel""]",zamazenta-crowned-shield-forme,complete,True,"[""gen8""]",
,ZAMAZENTA Hero of Many Battles Forme,zamazentaheroofmanybattlesforme,,"[""Fighting""]",zamazenta-hero-of-many-battles-forme,complete,True,"[""gen8""]",
,ZIGZAGOON Galar,zigzagoongalar,,"[""Dark"",""Normal""]",zigzagoon-galar,complete,True,"[""gen8""]",
,ZYGARDE 10% Forme,zygarde10forme,,"[""Dragon"",""Ground""]",zygarde-10-forme,complete,True,"[""gen8""]",
,ZYGARDE 50% Forme,zygarde50forme,,"[""Dragon"",""Ground""]",zygarde-50-forme,complete,True,"[""gen8""]",
,ZYGARDE Complete Forme,zygardecompleteforme,,"[""Dragon"",""Ground""]",zygarde-complete-forme,complete,True,"[""gen8""]",
,Zangoose,zangoose,,"[""Normal""]",zangoose,complete,True,"[""gen8""]",
,Zapdos,zapdos,,"[""Electric"",""Flying""]",zapdos,complete,True,"[""gen8""]",
,Zebstrika,zebstrika,,"[""Electric""]",zebstrika,complete,True,"[""gen8""]",
,Zekrom,zekrom,,"[""Dragon"",""Electric""]",zekrom,complete,True,"[""gen8""]",
,Zeraora,zeraora,,"[""Electric""]",zeraora,complete,True,"[""gen8""]",
,Zigzagoon,zigzagoon,,"[""Normal""]",zigzagoon,complete,True,"[""gen8""]",
,Zoroark,zoroark,,"[""Dark""]",zoroark,complete,True,"[""gen8""]",
,Zorua,zorua,,"[""Dark""]",zorua,complete,True,"[""gen8""]",
,Zubat,zubat,,"[""Poison"",""Flying""]",zubat,complete,True,"[""gen8""]",
,Zweilous,zweilous,,"[""Dark"",""Dragon""]",zweilous,complete,True,"[""gen8""]",
